"","Group.1","Group.2","MOL.MAGYAR.OLAJ.ES.GAZIPARI","OTP.BANK","RICHTER.GEDEON","MAGYAR.TKOM.TELECOM.","BUDAPEST.ELECTRICITY","X4IG.NYILVANOSAN","ALLAMI.NYOMDA","ALTEO.ENERGY","ALTERA.WEALTH.MANAGEMENT","APPENINN.NYILVANOSAN","BPT.PR.UTILIZATION..DEV.","CIG.PANNONIA.LIFE.IN.","CSEPEL.HOLDING","DUNA.HOUSE.HOLDING","EHEP.SHARE","ENEFI.ENERGY","EST.MEDIA","EXTERNET","FHB.SHARE","FINEXT.SHARE","FORRAS.FORRAS.T","FUTURAQUA","GRAPHISOFT.PARK.SE.SHARE","KARTONPACK","KEG.CTL.EUR.LPG.TERM.","KEY.SOFT","KONZUM.TRDG...INDL.","MASTERPLAST","NORDTELEKOM.TELECOM.SX.","NTH.HUNGARIAN.ELTY.SUPP.","NUTEX.INVESTMENTS","OPMIUS.GROUP","ORMESTER","OTT.ONE","PANNERGY","PANNON.VALTO","PLOTINUS.HOLDING","RABA.AUTOMOTIVE.GP.","TR.INVESTMENT","ZWACK.UNICUM","ADIDAS..BUD.","ARCELORMITTAL..BUD.","AXA..BUD.","BANCO.SANTANDER..BUD.","BASF..BUD.","BAYER..BUD.","BBV.ARGENTARIA..BUD.","BMW..BUD.","BNP.PARIBAS..BUD.","COMMERZBANK..BUD.","DAIMLER..BUD.","DEUTSCHE.BANK..BUD.","DEUTSCHE.LUFTHANSA..BUD.","E.ON..BUD.","INFINEON.TECH.N..BUD.","LINDE..BUD.","NOKIA..BUD.","SIEMENS..BUD.","TELEFONICA..BUD.","THYSSENKRUPP..BUD.","TOTAL..BUD.","ERWOJ.TURBO.LONG.03.CKT.","ERWOJ.TURBO.LONG.70.CKT.","FORRAS.TRUST...INV."
"1",1,2004,0.136363636363636,0.0909090909090909,0.136363636363636,0.181818181818182,0.363636363636364,NA,NA,NA,NA,NA,0.727272727272727,NA,0.727272727272727,NA,1,NA,0.136363636363636,NA,0.272727272727273,NA,0.136363636363636,NA,NA,1,NA,NA,0.909090909090909,NA,NA,0.227272727272727,0.318181818181818,0.318181818181818,NA,NA,0.272727272727273,0.681818181818182,NA,0.318181818181818,NA,0.545454545454545,NA,NA,NA,NA,NA,NA,NA,NA,NA,NA,NA,NA,NA,NA,NA,NA,NA,NA,NA,NA,NA,NA,NA,0.454545454545455
"2",2,2004,0.05,0.05,0,0.05,0.4,NA,NA,NA,NA,NA,0.6,NA,0.9,NA,1,NA,0.25,NA,0.05,NA,0.1,NA,NA,1,NA,NA,0.45,NA,NA,0.4,0.4,0.15,NA,NA,0.25,0.9,NA,0.05,NA,0.3,NA,NA,NA,NA,NA,NA,NA,NA,NA,NA,NA,NA,NA,NA,NA,NA,NA,NA,NA,NA,NA,NA,NA,0.2
"3",3,2004,0.0869565217391304,0.0869565217391304,0.0869565217391304,0.0869565217391304,0.0869565217391304,NA,NA,NA,NA,NA,0.695652173913043,NA,0.826086956521739,NA,1,NA,0.217391304347826,NA,0.130434782608696,NA,0.130434782608696,NA,NA,1,NA,NA,0.391304347826087,NA,NA,0.173913043478261,0.304347826086957,0.130434782608696,NA,NA,0.0869565217391304,0.782608695652174,NA,0.173913043478261,NA,0.260869565217391,NA,NA,NA,NA,NA,NA,NA,NA,NA,NA,NA,NA,NA,NA,NA,NA,NA,NA,NA,NA,NA,NA,NA,0.260869565217391
"4",4,2004,0.0909090909090909,0.0454545454545455,0.181818181818182,0.0454545454545455,0.181818181818182,NA,NA,NA,NA,NA,0.590909090909091,NA,0.909090909090909,NA,0.954545454545455,NA,0.181818181818182,NA,0.0909090909090909,NA,0.0454545454545455,NA,NA,1,NA,NA,0.318181818181818,NA,NA,0.181818181818182,0.227272727272727,0.318181818181818,NA,NA,0.181818181818182,0.681818181818182,NA,0.227272727272727,NA,0.409090909090909,NA,NA,NA,NA,NA,NA,NA,NA,NA,NA,NA,NA,NA,NA,NA,NA,NA,NA,NA,NA,NA,NA,NA,0.272727272727273
"5",5,2004,0.0476190476190476,0.0476190476190476,0.0476190476190476,0.0476190476190476,0.19047619047619,NA,NA,NA,NA,NA,0.380952380952381,NA,0.80952380952381,NA,1,NA,0.142857142857143,NA,0.285714285714286,NA,0.0476190476190476,NA,NA,1,NA,NA,0.619047619047619,NA,NA,0.333333333333333,0.19047619047619,0.333333333333333,NA,NA,0.333333333333333,0.80952380952381,NA,0.428571428571429,NA,0.523809523809524,NA,NA,NA,NA,NA,NA,NA,NA,NA,NA,NA,NA,NA,NA,NA,NA,NA,NA,NA,NA,NA,NA,NA,0.238095238095238
"6",6,2004,0,0.0454545454545455,0,0.0909090909090909,0.318181818181818,NA,NA,NA,NA,NA,0.409090909090909,NA,0.863636363636364,NA,1,NA,0.0454545454545455,NA,0.0454545454545455,NA,0.136363636363636,NA,NA,1,NA,NA,0.727272727272727,NA,NA,0.181818181818182,0.0909090909090909,0.545454545454545,NA,NA,0.0454545454545455,0.5,NA,0.227272727272727,NA,0.272727272727273,NA,NA,NA,NA,NA,NA,NA,NA,NA,NA,NA,NA,NA,NA,NA,NA,NA,NA,NA,NA,NA,NA,NA,0.136363636363636
"7",7,2004,0.0454545454545455,0,0,0.0909090909090909,0.227272727272727,NA,NA,NA,NA,NA,0.545454545454545,NA,1,NA,1,NA,0.363636363636364,NA,0.136363636363636,NA,0.181818181818182,NA,NA,1,NA,NA,0.772727272727273,NA,NA,0.0909090909090909,0.272727272727273,0.363636363636364,NA,NA,0.0909090909090909,0.590909090909091,NA,0.272727272727273,NA,0.136363636363636,NA,NA,NA,NA,NA,NA,NA,NA,NA,NA,NA,NA,NA,NA,NA,NA,NA,NA,NA,NA,NA,NA,NA,0
"8",8,2004,0.0909090909090909,0.0454545454545455,0.0909090909090909,0.0909090909090909,0.136363636363636,NA,NA,NA,NA,NA,0.409090909090909,NA,1,NA,1,NA,0.318181818181818,NA,0.0909090909090909,NA,0.136363636363636,NA,NA,1,NA,NA,0.772727272727273,NA,NA,0.272727272727273,0.409090909090909,0.545454545454545,NA,NA,0.227272727272727,0.590909090909091,NA,0.318181818181818,NA,0.318181818181818,NA,NA,NA,NA,NA,NA,NA,NA,NA,NA,NA,NA,NA,NA,NA,NA,NA,NA,NA,NA,NA,NA,NA,0.272727272727273
"9",9,2004,0.0909090909090909,0,0.0454545454545455,0.136363636363636,0.181818181818182,0,NA,NA,NA,NA,0.363636363636364,NA,0.909090909090909,NA,1,NA,0.136363636363636,NA,0.0454545454545455,NA,0.0909090909090909,NA,NA,1,NA,NA,0.727272727272727,NA,NA,0.0454545454545455,0.0909090909090909,0.227272727272727,NA,NA,0.0909090909090909,0.318181818181818,NA,0.272727272727273,NA,0.363636363636364,NA,NA,NA,NA,NA,NA,NA,NA,NA,NA,NA,NA,NA,NA,NA,NA,NA,NA,NA,NA,NA,NA,NA,0.272727272727273
"10",10,2004,0,0,0,0.0476190476190476,0.19047619047619,0.142857142857143,NA,NA,NA,NA,0.523809523809524,NA,0.952380952380952,NA,0.952380952380952,NA,0.285714285714286,NA,0.0476190476190476,NA,0.0952380952380952,NA,NA,1,NA,NA,0.523809523809524,NA,NA,0,0.523809523809524,0.19047619047619,NA,NA,0.0476190476190476,0.571428571428571,NA,0.19047619047619,NA,0.428571428571429,NA,NA,NA,NA,NA,NA,NA,NA,NA,NA,NA,NA,NA,NA,NA,NA,NA,NA,NA,NA,NA,NA,NA,0.142857142857143
"11",11,2004,0.0454545454545455,0.0909090909090909,0.136363636363636,0.181818181818182,0.0909090909090909,0.636363636363636,NA,NA,NA,NA,0.590909090909091,NA,0.909090909090909,NA,1,NA,0.227272727272727,NA,0.181818181818182,NA,0.318181818181818,NA,NA,1,NA,NA,0.545454545454545,NA,NA,0.0454545454545455,0.272727272727273,0.409090909090909,NA,NA,0.136363636363636,0.545454545454545,NA,0.227272727272727,NA,0.136363636363636,NA,NA,NA,NA,NA,NA,NA,NA,NA,NA,NA,NA,NA,NA,NA,NA,NA,NA,NA,NA,NA,NA,NA,0.272727272727273
"12",12,2004,0.0869565217391304,0.0434782608695652,0.0869565217391304,0.130434782608696,0.173913043478261,0.565217391304348,NA,NA,NA,NA,0.652173913043478,NA,0.652173913043478,NA,1,NA,0.130434782608696,NA,0.173913043478261,NA,0.173913043478261,NA,NA,1,NA,NA,0.695652173913043,NA,NA,0.130434782608696,0.347826086956522,0.434782608695652,NA,NA,0.304347826086957,0.652173913043478,NA,0.0869565217391304,NA,0.260869565217391,NA,NA,NA,NA,NA,NA,NA,NA,NA,NA,NA,NA,NA,NA,NA,NA,NA,NA,NA,NA,NA,NA,NA,0.173913043478261
"13",1,2005,0.0476190476190476,0,0.0476190476190476,0.0476190476190476,0.0476190476190476,0.380952380952381,NA,NA,NA,NA,0.238095238095238,NA,0.857142857142857,NA,1,NA,0.19047619047619,NA,0,NA,0.142857142857143,NA,NA,1,NA,NA,0.857142857142857,NA,NA,0.0476190476190476,0.476190476190476,0.285714285714286,NA,NA,0.0476190476190476,0.523809523809524,NA,0.142857142857143,NA,0.19047619047619,NA,NA,NA,NA,NA,NA,NA,NA,NA,NA,NA,NA,NA,NA,NA,NA,NA,NA,NA,NA,NA,NA,NA,0.0952380952380952
"14",2,2005,0,0,0.05,0.05,0,0.45,NA,NA,NA,NA,0.55,NA,0.6,NA,1,NA,0.35,NA,0,NA,0.05,NA,NA,1,NA,NA,0.75,NA,NA,0.1,0.3,0.1,NA,NA,0.05,0.35,NA,0.3,NA,0.3,NA,NA,NA,NA,NA,NA,NA,NA,NA,NA,NA,NA,NA,NA,NA,NA,NA,NA,NA,NA,NA,NA,NA,0.1
"15",3,2005,0.130434782608696,0.130434782608696,0.130434782608696,0.173913043478261,0.130434782608696,0.608695652173913,NA,NA,NA,NA,0.782608695652174,NA,0.91304347826087,NA,1,NA,0.304347826086957,NA,0.173913043478261,NA,0.521739130434783,NA,NA,1,NA,NA,1,NA,NA,0.130434782608696,0.391304347826087,0.304347826086957,NA,NA,0.130434782608696,0.391304347826087,NA,0.304347826086957,NA,0.434782608695652,NA,NA,NA,NA,NA,NA,NA,NA,NA,NA,NA,NA,NA,NA,NA,NA,NA,NA,NA,NA,NA,NA,NA,0.434782608695652
"16",4,2005,0,0,0.0476190476190476,0,0.238095238095238,0.761904761904762,NA,NA,NA,NA,0.619047619047619,NA,0.761904761904762,NA,1,NA,0.19047619047619,NA,0.0476190476190476,NA,0.142857142857143,NA,NA,1,NA,NA,0.952380952380952,NA,NA,0.142857142857143,0.571428571428571,0.142857142857143,NA,NA,0.142857142857143,0.285714285714286,NA,0.19047619047619,NA,0.380952380952381,NA,NA,NA,NA,NA,NA,NA,NA,NA,NA,NA,NA,NA,NA,NA,NA,NA,NA,NA,NA,NA,NA,NA,0.0952380952380952
"17",5,2005,0.0454545454545455,0.0454545454545455,0.0454545454545455,0.0454545454545455,0.181818181818182,0.681818181818182,NA,NA,NA,NA,0.636363636363636,NA,0.909090909090909,NA,1,NA,0.0909090909090909,NA,0.0909090909090909,NA,0.181818181818182,NA,NA,1,NA,NA,0.909090909090909,NA,NA,0.136363636363636,0.5,0.318181818181818,NA,NA,0.227272727272727,0.454545454545455,NA,0.181818181818182,NA,0.272727272727273,NA,NA,NA,NA,NA,NA,NA,NA,NA,NA,NA,NA,NA,NA,NA,NA,NA,NA,NA,NA,NA,NA,NA,0.0909090909090909
"18",6,2005,0.0454545454545455,0,0.0454545454545455,0.0909090909090909,0.181818181818182,0.772727272727273,NA,NA,NA,NA,0.590909090909091,NA,0.863636363636364,NA,1,NA,0.363636363636364,NA,0,NA,0.227272727272727,NA,NA,1,NA,NA,0.727272727272727,NA,NA,0.227272727272727,0.590909090909091,0.318181818181818,NA,NA,0.0454545454545455,0.681818181818182,NA,0.227272727272727,NA,0.318181818181818,NA,NA,NA,NA,NA,NA,NA,NA,NA,NA,NA,NA,NA,NA,NA,NA,NA,NA,NA,NA,NA,NA,NA,0.0909090909090909
"19",7,2005,0,0.0476190476190476,0,0.0476190476190476,0.142857142857143,0.80952380952381,NA,NA,NA,NA,0.761904761904762,NA,0.952380952380952,NA,1,NA,0.380952380952381,NA,0.0476190476190476,NA,0.238095238095238,NA,NA,1,NA,NA,0.904761904761905,NA,NA,0.142857142857143,0.571428571428571,0.571428571428571,NA,NA,0.19047619047619,0.428571428571429,NA,0.285714285714286,NA,0.238095238095238,NA,NA,NA,NA,NA,NA,NA,NA,NA,NA,NA,NA,NA,NA,NA,NA,NA,NA,NA,NA,NA,NA,NA,0.0952380952380952
"20",8,2005,0,0,0,0,0.0434782608695652,0.391304347826087,NA,NA,NA,NA,0.652173913043478,NA,1,NA,1,NA,0.347826086956522,NA,0.173913043478261,NA,0.217391304347826,NA,NA,1,NA,NA,0.739130434782609,NA,NA,0,0.260869565217391,0.565217391304348,NA,NA,0.0869565217391304,0.478260869565217,NA,0.130434782608696,NA,0.565217391304348,NA,NA,NA,NA,NA,NA,NA,NA,NA,NA,NA,NA,NA,NA,NA,NA,NA,NA,NA,NA,NA,NA,NA,0.0869565217391304
"21",9,2005,0,0.0454545454545455,0,0.0909090909090909,0.136363636363636,0.681818181818182,NA,NA,NA,NA,0.590909090909091,NA,0.863636363636364,NA,0.954545454545455,NA,0.954545454545455,NA,0.0454545454545455,NA,0.0454545454545455,NA,NA,1,NA,NA,0.681818181818182,NA,NA,0.0909090909090909,0.227272727272727,0.454545454545455,NA,NA,0.227272727272727,0.909090909090909,NA,0.363636363636364,NA,0.318181818181818,NA,NA,NA,NA,NA,NA,NA,NA,NA,NA,NA,NA,NA,NA,NA,NA,NA,NA,NA,NA,NA,NA,NA,0.181818181818182
"22",10,2005,0.0476190476190476,0.0476190476190476,0.0476190476190476,0.0476190476190476,0.238095238095238,0.619047619047619,NA,NA,NA,NA,0.619047619047619,NA,0.80952380952381,NA,0.952380952380952,NA,0.19047619047619,NA,0.0952380952380952,NA,0.19047619047619,NA,NA,1,NA,NA,0.761904761904762,NA,NA,0.0476190476190476,0.523809523809524,0.428571428571429,NA,NA,0.285714285714286,0.714285714285714,NA,0.380952380952381,NA,0.285714285714286,NA,NA,NA,NA,NA,NA,NA,NA,NA,NA,NA,NA,NA,NA,NA,NA,NA,NA,NA,NA,NA,NA,NA,0.238095238095238
"23",11,2005,0.0909090909090909,0.0909090909090909,0.0454545454545455,0.0909090909090909,0.318181818181818,0.681818181818182,NA,NA,NA,NA,0.727272727272727,NA,0.681818181818182,NA,1,NA,0.181818181818182,NA,0.0909090909090909,NA,0.318181818181818,NA,NA,1,NA,NA,0.954545454545455,NA,NA,0.0454545454545455,0.5,0.363636363636364,NA,NA,0.0454545454545455,0.636363636363636,NA,0.0909090909090909,NA,0.409090909090909,NA,NA,NA,NA,NA,NA,NA,NA,NA,NA,NA,NA,NA,NA,NA,NA,NA,NA,NA,NA,NA,NA,NA,0.318181818181818
"24",12,2005,0.0454545454545455,0.136363636363636,0.0454545454545455,0.136363636363636,0.227272727272727,0.772727272727273,0.25,NA,NA,NA,0.681818181818182,NA,0.909090909090909,NA,1,NA,0.409090909090909,NA,0.0454545454545455,NA,0.318181818181818,NA,NA,1,NA,NA,0.818181818181818,NA,NA,0.0909090909090909,0.409090909090909,0.5,NA,NA,0.136363636363636,0.681818181818182,NA,0.136363636363636,NA,0.454545454545455,NA,NA,NA,NA,NA,NA,NA,NA,NA,NA,NA,NA,NA,NA,NA,NA,NA,NA,NA,NA,NA,NA,NA,0.363636363636364
"25",1,2006,0,0,0,0.181818181818182,0.318181818181818,0.545454545454545,0.136363636363636,NA,NA,NA,0.772727272727273,NA,0.5,NA,1,NA,0.0909090909090909,NA,0,NA,0.409090909090909,NA,NA,1,NA,NA,0.727272727272727,NA,NA,0.0909090909090909,0.0454545454545455,0.181818181818182,NA,NA,0,0.409090909090909,NA,0.0454545454545455,NA,0.363636363636364,NA,NA,NA,NA,NA,NA,NA,NA,NA,NA,NA,NA,NA,NA,NA,NA,NA,NA,NA,NA,NA,NA,NA,0.0454545454545455
"26",2,2006,0,0.05,0.1,0.05,0.3,0.5,0.1,NA,NA,NA,0.6,NA,0.8,NA,1,NA,0.1,NA,0,NA,0.35,NA,NA,1,NA,NA,0.6,NA,NA,0.15,0.25,0.4,NA,NA,0.15,0.6,NA,0,NA,0.3,NA,NA,NA,NA,NA,NA,NA,NA,NA,NA,NA,NA,NA,NA,NA,NA,NA,NA,NA,NA,NA,NA,NA,0.1
"27",3,2006,0.0434782608695652,0.0869565217391304,0.0434782608695652,0.0869565217391304,0.260869565217391,0.347826086956522,0.391304347826087,NA,NA,NA,0.695652173913043,NA,0.826086956521739,NA,0.956521739130435,NA,0.260869565217391,NA,0.0869565217391304,NA,0.608695652173913,NA,NA,1,NA,NA,0.608695652173913,NA,NA,0.130434782608696,0.260869565217391,0.260869565217391,NA,NA,0.0869565217391304,0.695652173913043,NA,0.0434782608695652,NA,0.434782608695652,NA,NA,NA,NA,NA,NA,NA,NA,NA,NA,NA,NA,NA,NA,NA,NA,NA,NA,NA,NA,NA,NA,NA,0.0869565217391304
"28",4,2006,0.05,0.05,0.05,0.05,0.4,0.6,0.3,NA,NA,NA,0.55,NA,0.8,NA,1,NA,0.35,NA,0.05,NA,0.65,NA,NA,1,NA,NA,0.75,NA,NA,0.15,0.15,0.4,NA,NA,0.05,0.75,NA,0.1,NA,0.4,NA,NA,NA,NA,NA,NA,NA,NA,NA,NA,NA,NA,NA,NA,NA,NA,NA,NA,NA,NA,NA,NA,NA,0.05
"29",5,2006,0.0434782608695652,0.0869565217391304,0.0869565217391304,0.0869565217391304,0.0869565217391304,0.826086956521739,0.173913043478261,NA,NA,NA,0.608695652173913,NA,0.695652173913043,NA,0.91304347826087,NA,0.260869565217391,NA,0.0434782608695652,NA,0.347826086956522,NA,NA,1,NA,NA,0.260869565217391,NA,NA,0.217391304347826,0.173913043478261,0.391304347826087,NA,NA,0.130434782608696,0.608695652173913,NA,0.0869565217391304,NA,0.347826086956522,NA,NA,NA,NA,NA,NA,NA,NA,NA,NA,NA,NA,NA,NA,NA,NA,NA,NA,NA,NA,NA,NA,NA,0.260869565217391
"30",6,2006,0.0454545454545455,0.0454545454545455,0.0909090909090909,0.0909090909090909,0.590909090909091,0.772727272727273,0.318181818181818,NA,NA,NA,0.636363636363636,NA,0.909090909090909,NA,0.954545454545455,NA,0.272727272727273,NA,0.136363636363636,NA,0.454545454545455,NA,NA,1,NA,NA,0.5,NA,NA,0.0454545454545455,0.272727272727273,0.272727272727273,NA,NA,0.227272727272727,0.727272727272727,NA,0.181818181818182,NA,0.409090909090909,NA,NA,NA,NA,NA,NA,NA,NA,NA,NA,NA,NA,NA,NA,NA,NA,NA,NA,NA,NA,NA,NA,NA,0.136363636363636
"31",7,2006,0,0.0952380952380952,0.0476190476190476,0.0476190476190476,0.19047619047619,0.761904761904762,0.619047619047619,NA,NA,NA,0.428571428571429,NA,0.666666666666667,NA,1,NA,0.380952380952381,NA,0.0476190476190476,NA,0.619047619047619,NA,NA,1,NA,NA,0.619047619047619,NA,NA,0,0.333333333333333,0.523809523809524,NA,NA,0,0.714285714285714,NA,0.0476190476190476,NA,0.285714285714286,NA,NA,NA,NA,NA,NA,NA,NA,NA,NA,NA,NA,NA,NA,NA,NA,NA,NA,NA,NA,NA,NA,NA,0.238095238095238
"32",8,2006,0,0,0.0434782608695652,0.0869565217391304,0.0869565217391304,0.434782608695652,0.478260869565217,NA,NA,NA,0.391304347826087,NA,0.565217391304348,NA,0.826086956521739,NA,0.260869565217391,NA,0.0869565217391304,NA,0.173913043478261,NA,0.25,1,NA,NA,0.608695652173913,NA,NA,0.0434782608695652,0.0869565217391304,0.478260869565217,NA,NA,0.0869565217391304,0.347826086956522,NA,0.130434782608696,NA,0.260869565217391,NA,NA,NA,NA,NA,NA,NA,NA,NA,NA,NA,NA,NA,NA,NA,NA,NA,NA,NA,NA,NA,NA,NA,0
"33",9,2006,0,0,0.0476190476190476,0.0952380952380952,0.142857142857143,0.666666666666667,0.428571428571429,NA,NA,NA,0.666666666666667,NA,0.80952380952381,NA,1,NA,0.380952380952381,NA,0.0476190476190476,NA,0.142857142857143,NA,0,1,NA,NA,0.0952380952380952,NA,NA,0.0476190476190476,0.19047619047619,0.380952380952381,NA,NA,0.0476190476190476,0.619047619047619,NA,0,NA,0.476190476190476,NA,NA,NA,NA,NA,NA,NA,NA,NA,NA,NA,NA,NA,NA,NA,NA,NA,NA,NA,NA,NA,NA,NA,0.19047619047619
"34",10,2006,0.0454545454545455,0.0454545454545455,0.0909090909090909,0.0909090909090909,0.409090909090909,0.681818181818182,0.636363636363636,NA,NA,NA,0.681818181818182,NA,0.636363636363636,NA,0.954545454545455,NA,0.363636363636364,NA,0.136363636363636,NA,0.545454545454545,NA,0.136363636363636,1,NA,NA,0.272727272727273,NA,NA,0.181818181818182,0.318181818181818,0.772727272727273,NA,NA,0.272727272727273,0.727272727272727,NA,0.181818181818182,NA,0.454545454545455,NA,NA,NA,NA,NA,NA,NA,NA,NA,NA,NA,NA,NA,NA,NA,NA,NA,NA,NA,NA,NA,NA,NA,0.227272727272727
"35",11,2006,0.0454545454545455,0.0454545454545455,0.0909090909090909,0.136363636363636,0.409090909090909,0.727272727272727,0.454545454545455,NA,NA,NA,0.681818181818182,NA,0.636363636363636,NA,0.954545454545455,NA,0.318181818181818,NA,0.0454545454545455,NA,0.181818181818182,NA,0.136363636363636,1,NA,NA,0.409090909090909,NA,NA,0.0454545454545455,0.136363636363636,0.318181818181818,NA,NA,0.272727272727273,0.590909090909091,NA,0.0454545454545455,NA,0.409090909090909,NA,NA,NA,NA,NA,NA,NA,NA,NA,NA,NA,NA,NA,NA,NA,NA,NA,NA,NA,NA,NA,NA,NA,0.0909090909090909
"36",12,2006,0.142857142857143,0.0952380952380952,0.0952380952380952,0.19047619047619,0.238095238095238,0.571428571428571,0.380952380952381,NA,NA,NA,0.857142857142857,NA,0.523809523809524,NA,0.952380952380952,NA,0.476190476190476,NA,0.19047619047619,NA,0.285714285714286,NA,0.238095238095238,1,NA,NA,0.238095238095238,NA,NA,0.142857142857143,0.333333333333333,0.428571428571429,NA,NA,0.19047619047619,0.857142857142857,NA,0.19047619047619,NA,0.428571428571429,NA,NA,NA,NA,NA,NA,NA,NA,NA,NA,NA,NA,NA,NA,NA,NA,NA,NA,NA,NA,NA,NA,NA,0.333333333333333
"37",1,2007,0.0869565217391304,0.0434782608695652,0.0869565217391304,0.0434782608695652,0.260869565217391,0.782608695652174,0.130434782608696,NA,NA,NA,0.869565217391304,NA,0.347826086956522,NA,0.91304347826087,NA,0.478260869565217,NA,0.0869565217391304,NA,0.0869565217391304,NA,0.0434782608695652,1,NA,NA,0.347826086956522,NA,NA,0.0434782608695652,0.304347826086957,0.304347826086957,NA,NA,0.0434782608695652,0.434782608695652,NA,0.0869565217391304,NA,0.260869565217391,NA,NA,NA,NA,NA,NA,NA,NA,NA,NA,NA,NA,NA,NA,NA,NA,NA,NA,NA,NA,NA,NA,NA,0.173913043478261
"38",2,2007,0,0,0.05,0.05,0.35,0.7,0.1,NA,NA,NA,0.75,NA,0.2,NA,0.9,NA,0.05,NA,0.1,NA,0.15,NA,0.1,1,NA,NA,0.1,NA,NA,0.2,0.25,0.3,NA,NA,0.05,0.35,NA,0,NA,0.15,NA,NA,NA,NA,NA,NA,NA,NA,NA,NA,NA,NA,NA,NA,NA,NA,NA,NA,NA,NA,NA,NA,NA,0.05
"39",3,2007,0.0909090909090909,0.0909090909090909,0.0909090909090909,0.136363636363636,0.590909090909091,0.863636363636364,0.181818181818182,NA,NA,NA,0.590909090909091,NA,0.272727272727273,NA,0.954545454545455,NA,0.181818181818182,NA,0.0909090909090909,NA,0.227272727272727,NA,0.181818181818182,1,NA,NA,0.227272727272727,NA,NA,0.0909090909090909,0.363636363636364,0.272727272727273,NA,NA,0.227272727272727,0.5,NA,0.136363636363636,NA,0.5,NA,NA,NA,NA,NA,NA,NA,NA,NA,NA,NA,NA,NA,NA,NA,NA,NA,NA,NA,NA,NA,NA,NA,0.136363636363636
"40",4,2007,0.142857142857143,0.19047619047619,0.0952380952380952,0.19047619047619,0.285714285714286,0.857142857142857,0.0952380952380952,NA,NA,NA,0.428571428571429,NA,0.19047619047619,NA,0.80952380952381,NA,0.142857142857143,NA,0.142857142857143,NA,0.19047619047619,NA,0.19047619047619,1,NA,NA,0.19047619047619,NA,NA,0.142857142857143,0.380952380952381,0.476190476190476,NA,NA,0.0952380952380952,0.285714285714286,NA,0.142857142857143,NA,0.619047619047619,NA,NA,NA,NA,NA,NA,NA,NA,NA,NA,NA,NA,NA,NA,NA,NA,NA,NA,NA,NA,NA,NA,NA,0.142857142857143
"41",5,2007,0.0869565217391304,0.130434782608696,0.0869565217391304,0.217391304347826,0.304347826086957,0.782608695652174,0.130434782608696,NA,NA,NA,0.260869565217391,NA,0.304347826086957,NA,0.826086956521739,1,0.173913043478261,NA,0.130434782608696,NA,0.217391304347826,NA,0.130434782608696,1,NA,NA,0.217391304347826,NA,NA,0.0869565217391304,0.217391304347826,0.217391304347826,NA,NA,0.0869565217391304,0.521739130434783,NA,0.173913043478261,NA,0.260869565217391,NA,NA,NA,NA,NA,NA,NA,NA,NA,NA,NA,NA,NA,NA,NA,NA,NA,NA,NA,NA,NA,NA,NA,0.173913043478261
"42",6,2007,0.0476190476190476,0,0.0476190476190476,0,0.238095238095238,0.761904761904762,0.142857142857143,NA,NA,NA,0.238095238095238,NA,0.428571428571429,NA,0.904761904761905,1,0.142857142857143,NA,0,NA,0.238095238095238,NA,0.0476190476190476,1,NA,NA,0.142857142857143,NA,NA,0.0952380952380952,0.285714285714286,0.238095238095238,NA,NA,0,0.571428571428571,NA,0.0476190476190476,NA,0.238095238095238,NA,NA,NA,NA,NA,NA,NA,NA,NA,NA,NA,NA,NA,NA,NA,NA,NA,NA,NA,NA,NA,NA,NA,0.19047619047619
"43",7,2007,0.0454545454545455,0.0454545454545455,0,0,0.318181818181818,0.636363636363636,0.136363636363636,NA,NA,NA,0.318181818181818,NA,0.545454545454545,NA,1,1,0.136363636363636,NA,0,NA,0.227272727272727,NA,0.0909090909090909,1,NA,NA,0.0454545454545455,NA,NA,0.0454545454545455,0.363636363636364,0.181818181818182,NA,NA,0.0454545454545455,0.454545454545455,NA,0,NA,0.136363636363636,NA,NA,NA,NA,NA,NA,NA,NA,NA,NA,NA,NA,NA,NA,NA,NA,NA,NA,NA,NA,NA,NA,NA,0.181818181818182
"44",8,2007,0.0434782608695652,0.0434782608695652,0.0434782608695652,0.0434782608695652,0.260869565217391,0.565217391304348,0.0869565217391304,NA,NA,NA,0.391304347826087,NA,0.652173913043478,NA,0.956521739130435,1,0.217391304347826,NA,0.0434782608695652,NA,0.304347826086957,NA,0.0434782608695652,1,NA,NA,0.130434782608696,NA,NA,0.0869565217391304,0.130434782608696,0.130434782608696,NA,NA,0.0869565217391304,0.565217391304348,NA,0.0434782608695652,NA,0.130434782608696,NA,NA,NA,NA,NA,NA,NA,NA,NA,NA,NA,NA,NA,NA,NA,NA,NA,NA,NA,NA,NA,NA,NA,0.0434782608695652
"45",9,2007,0,0,0.05,0.1,0.25,0.8,0.05,NA,NA,NA,0.1,NA,0.55,NA,1,1,0.25,NA,0.05,NA,0.1,NA,0.1,1,NA,NA,0.35,NA,NA,0,0.2,0.35,NA,NA,0.15,0.35,NA,0.05,NA,0.2,NA,NA,NA,NA,NA,NA,NA,NA,NA,NA,NA,NA,NA,NA,NA,NA,NA,NA,NA,NA,NA,NA,NA,0.1
"46",10,2007,0.0869565217391304,0.0869565217391304,0.0869565217391304,0.217391304347826,0.347826086956522,0.434782608695652,0.173913043478261,NA,NA,NA,0.391304347826087,NA,0.478260869565217,NA,1,0.565217391304348,0.260869565217391,NA,0.0869565217391304,NA,0.478260869565217,NA,0.0869565217391304,1,NA,NA,0.347826086956522,NA,NA,0.217391304347826,0.304347826086957,0.478260869565217,NA,NA,0.173913043478261,0.652173913043478,NA,0.0869565217391304,NA,0.347826086956522,NA,NA,NA,NA,NA,NA,NA,NA,NA,NA,NA,NA,NA,NA,NA,NA,NA,NA,NA,NA,NA,NA,NA,0.260869565217391
"47",11,2007,0.0909090909090909,0.0909090909090909,0.136363636363636,0.136363636363636,0.272727272727273,0.272727272727273,0.0909090909090909,NA,NA,NA,0.181818181818182,NA,0.409090909090909,NA,1,0.5,0.136363636363636,NA,0.136363636363636,NA,1,NA,0.227272727272727,1,NA,NA,0.227272727272727,NA,NA,0.136363636363636,0.181818181818182,0.545454545454545,NA,NA,0.136363636363636,0.545454545454545,NA,0.0909090909090909,NA,0.227272727272727,NA,NA,NA,NA,NA,NA,NA,NA,NA,NA,NA,NA,NA,NA,NA,NA,NA,NA,NA,NA,NA,NA,NA,1
"48",12,2007,0.238095238095238,0.19047619047619,0.238095238095238,0.285714285714286,0.380952380952381,0.285714285714286,0.238095238095238,NA,NA,NA,0.523809523809524,NA,0.428571428571429,NA,0.904761904761905,0.857142857142857,0.238095238095238,NA,0.19047619047619,NA,1,NA,0.238095238095238,1,NA,NA,0.333333333333333,NA,NA,0.238095238095238,0.428571428571429,0.714285714285714,NA,NA,0.285714285714286,0.619047619047619,NA,0.238095238095238,NA,0.428571428571429,NA,NA,NA,NA,NA,NA,NA,NA,NA,NA,NA,NA,NA,NA,NA,NA,NA,NA,NA,NA,NA,NA,NA,1
"49",1,2008,0.0434782608695652,0.0869565217391304,0.0869565217391304,0.0869565217391304,0.304347826086957,0.0869565217391304,0.130434782608696,NA,NA,NA,0.434782608695652,NA,0.347826086956522,NA,0.869565217391304,0.91304347826087,0.130434782608696,NA,0.0869565217391304,NA,0.869565217391304,NA,0.0434782608695652,1,NA,NA,0.391304347826087,NA,NA,0.0434782608695652,0.130434782608696,0.782608695652174,NA,NA,0.0434782608695652,0.652173913043478,NA,0.0869565217391304,NA,0.347826086956522,NA,NA,NA,NA,NA,NA,NA,NA,NA,NA,NA,NA,NA,NA,NA,NA,NA,NA,NA,NA,NA,NA,NA,0.869565217391304
"50",2,2008,0,0,0,0.0476190476190476,0.428571428571429,0.142857142857143,0.19047619047619,NA,NA,NA,0.619047619047619,NA,0.714285714285714,NA,0.857142857142857,0.952380952380952,0.142857142857143,NA,0,NA,0.238095238095238,NA,0.142857142857143,1,NA,NA,0.428571428571429,NA,NA,0.0952380952380952,0.238095238095238,0.523809523809524,NA,NA,0.0476190476190476,0.523809523809524,NA,0.142857142857143,NA,0.285714285714286,NA,NA,NA,NA,NA,NA,NA,NA,NA,NA,NA,NA,NA,NA,NA,NA,NA,NA,NA,NA,NA,NA,NA,0.0476190476190476
"51",3,2008,0.0476190476190476,0.0952380952380952,0.0476190476190476,0.0952380952380952,0.238095238095238,0.285714285714286,0.0952380952380952,NA,NA,NA,0.523809523809524,NA,0.80952380952381,NA,0.952380952380952,0.857142857142857,0.0952380952380952,NA,0.0476190476190476,NA,0.428571428571429,NA,0.19047619047619,1,NA,NA,0.571428571428571,NA,NA,0.0476190476190476,0.19047619047619,0.571428571428571,NA,NA,0.0952380952380952,0.476190476190476,NA,0.0476190476190476,NA,0.333333333333333,NA,NA,NA,NA,NA,NA,NA,NA,NA,NA,NA,NA,NA,NA,NA,NA,NA,NA,NA,NA,NA,NA,NA,0.428571428571429
"52",4,2008,0.0909090909090909,0,0.136363636363636,0,0.363636363636364,0.363636363636364,0.0909090909090909,NA,NA,NA,0.363636363636364,NA,0.863636363636364,NA,0.863636363636364,0.727272727272727,0.363636363636364,NA,0.0909090909090909,NA,0.454545454545455,NA,0.136363636363636,1,NA,NA,0.590909090909091,NA,NA,0.0454545454545455,0.363636363636364,0.636363636363636,NA,NA,0.272727272727273,0.545454545454545,NA,0,NA,0.409090909090909,NA,NA,NA,NA,NA,NA,NA,NA,NA,NA,NA,NA,NA,NA,NA,NA,NA,NA,NA,NA,NA,NA,NA,0.545454545454545
"53",5,2008,0.136363636363636,0.181818181818182,0.136363636363636,0.227272727272727,0.318181818181818,0.363636363636364,0.227272727272727,NA,NA,NA,0.727272727272727,NA,0.772727272727273,NA,0.954545454545455,0.636363636363636,0.318181818181818,NA,0.136363636363636,NA,0.318181818181818,NA,0.409090909090909,1,NA,NA,0.5,NA,NA,0.272727272727273,0.5,0.590909090909091,NA,NA,0.181818181818182,0.5,NA,0.181818181818182,NA,0.363636363636364,NA,NA,NA,NA,NA,NA,NA,NA,NA,NA,NA,NA,NA,NA,NA,NA,NA,NA,NA,NA,NA,NA,NA,0.636363636363636
"54",6,2008,0.0952380952380952,0.0476190476190476,0.0952380952380952,0.0952380952380952,0.19047619047619,0.238095238095238,0.0476190476190476,NA,NA,NA,0.952380952380952,NA,0.904761904761905,NA,1,0.142857142857143,0.142857142857143,0.380952380952381,0.19047619047619,NA,0.238095238095238,NA,0.142857142857143,1,NA,NA,0.476190476190476,NA,NA,0.142857142857143,0.142857142857143,0.428571428571429,NA,NA,0,0.428571428571429,NA,0,NA,0.142857142857143,NA,NA,NA,NA,NA,NA,NA,NA,NA,NA,NA,NA,NA,NA,NA,NA,NA,NA,NA,NA,NA,NA,NA,0.238095238095238
"55",7,2008,0,0.0434782608695652,0.0434782608695652,0,0.217391304347826,0.260869565217391,0.130434782608696,NA,NA,NA,0.695652173913043,NA,0.695652173913043,NA,1,0.130434782608696,0.0869565217391304,0.608695652173913,0.130434782608696,NA,0.173913043478261,NA,0.260869565217391,1,NA,NA,0.434782608695652,NA,NA,0.173913043478261,0.434782608695652,0.217391304347826,NA,NA,0,0.652173913043478,NA,0,NA,0.217391304347826,NA,NA,NA,NA,NA,NA,NA,NA,NA,NA,NA,NA,NA,NA,NA,NA,NA,NA,NA,NA,NA,0,0,0.130434782608696
"56",8,2008,0.0476190476190476,0.0952380952380952,0.0952380952380952,0.0476190476190476,0.333333333333333,0.476190476190476,0.0476190476190476,NA,NA,NA,0.857142857142857,NA,0.761904761904762,NA,0.904761904761905,0.285714285714286,0.238095238095238,0.523809523809524,0.0476190476190476,NA,0.285714285714286,NA,0.380952380952381,1,NA,NA,0.238095238095238,NA,NA,0.285714285714286,0.142857142857143,0.619047619047619,NA,NA,0.333333333333333,0.619047619047619,NA,0.0952380952380952,NA,0.142857142857143,NA,NA,NA,NA,NA,NA,NA,NA,NA,NA,NA,NA,NA,NA,NA,NA,NA,NA,NA,NA,NA,0.857142857142857,0.80952380952381,0.285714285714286
"57",9,2008,0,0,0,0.0454545454545455,0.363636363636364,0.136363636363636,0.0454545454545455,NA,NA,NA,0.727272727272727,NA,0.909090909090909,NA,0.863636363636364,0.181818181818182,0.181818181818182,0.772727272727273,0.0909090909090909,NA,0.272727272727273,NA,0.272727272727273,1,NA,NA,0.454545454545455,NA,NA,0.0909090909090909,0.272727272727273,0.363636363636364,NA,NA,0.0909090909090909,0.818181818181818,NA,0.0909090909090909,NA,0.227272727272727,NA,NA,NA,NA,NA,NA,NA,NA,NA,NA,NA,NA,NA,NA,NA,NA,NA,NA,NA,NA,NA,1,0.272727272727273,0.227272727272727
"58",10,2008,0.0869565217391304,0.130434782608696,0.130434782608696,0.0869565217391304,0.217391304347826,0.173913043478261,0.130434782608696,NA,NA,NA,0.739130434782609,NA,0.826086956521739,NA,0.91304347826087,0.130434782608696,0.304347826086957,0.739130434782609,0.0869565217391304,NA,0.652173913043478,NA,0.130434782608696,1,NA,NA,0.304347826086957,NA,NA,0.0869565217391304,0.391304347826087,0.478260869565217,NA,NA,0.130434782608696,1,NA,0.173913043478261,NA,0.130434782608696,NA,NA,NA,NA,NA,NA,NA,NA,NA,NA,NA,NA,NA,NA,NA,NA,NA,NA,NA,NA,NA,1,0.521739130434783,0.304347826086957
"59",11,2008,0,0,0.05,0,0.3,0.1,0.05,NA,NA,NA,0.9,NA,0.15,NA,0.95,0.15,0.15,0.75,0,NA,0.75,NA,0.1,1,NA,NA,0.05,NA,NA,0.2,0.25,0.35,NA,NA,0.1,1,NA,0.05,NA,0.05,NA,NA,NA,NA,NA,NA,NA,NA,NA,NA,NA,NA,NA,NA,NA,NA,NA,NA,NA,NA,NA,1,1,0.5
"60",12,2008,0.130434782608696,0.130434782608696,0.173913043478261,0.130434782608696,0.173913043478261,0.217391304347826,0.173913043478261,NA,NA,NA,0.91304347826087,NA,0.478260869565217,NA,0.826086956521739,0.347826086956522,0.739130434782609,0.91304347826087,0.173913043478261,NA,0.652173913043478,NA,0.173913043478261,1,NA,NA,0.434782608695652,NA,NA,0.217391304347826,0.521739130434783,0.608695652173913,NA,NA,0.347826086956522,1,NA,0.173913043478261,NA,0.260869565217391,NA,NA,NA,NA,NA,NA,NA,NA,NA,NA,NA,NA,NA,NA,NA,NA,NA,NA,NA,NA,NA,1,1,0.391304347826087
"61",1,2009,0.181818181818182,0.0909090909090909,0.136363636363636,0.0909090909090909,0.318181818181818,0.227272727272727,0.136363636363636,NA,NA,NA,1,NA,0.181818181818182,NA,0.863636363636364,0.318181818181818,0.5,1,0.227272727272727,NA,0.5,NA,0.181818181818182,1,NA,NA,0.363636363636364,NA,NA,0.136363636363636,0.454545454545455,0.5,NA,NA,0.409090909090909,1,NA,0.136363636363636,NA,0.0909090909090909,NA,NA,NA,NA,NA,NA,NA,NA,NA,NA,NA,NA,NA,NA,NA,NA,NA,NA,NA,NA,NA,1,1,0.363636363636364
"62",2,2009,0,0.05,0,0.1,0.35,0.4,0.15,NA,NA,NA,0.95,NA,0.5,NA,1,0.2,0.3,1,0.05,NA,0.25,NA,0.15,1,NA,NA,0.65,NA,NA,0.1,0.35,0.5,NA,NA,0.65,1,NA,0.05,NA,0.1,NA,NA,NA,NA,NA,NA,NA,NA,NA,NA,NA,NA,NA,NA,NA,NA,NA,NA,NA,NA,NA,1,1,0.15
"63",3,2009,0,0,0.0454545454545455,0,0.318181818181818,0.318181818181818,0.0909090909090909,NA,NA,NA,0.909090909090909,NA,0.5,NA,0.818181818181818,0.227272727272727,0.318181818181818,0.863636363636364,0.0909090909090909,NA,0.181818181818182,NA,0.181818181818182,1,NA,NA,0.409090909090909,NA,NA,0.181818181818182,0.454545454545455,0.454545454545455,NA,NA,0.136363636363636,1,NA,0.0454545454545455,NA,0.227272727272727,NA,NA,NA,NA,NA,NA,NA,NA,NA,NA,NA,NA,NA,NA,NA,NA,NA,NA,NA,NA,NA,1,1,0.318181818181818
"64",4,2009,0.0454545454545455,0.0454545454545455,0.0454545454545455,0.0454545454545455,0.409090909090909,0.545454545454545,0.136363636363636,NA,NA,NA,0.818181818181818,NA,0.409090909090909,NA,0.954545454545455,0.227272727272727,0.363636363636364,0.863636363636364,0.0909090909090909,NA,0.454545454545455,NA,0.227272727272727,1,NA,NA,0.363636363636364,NA,NA,0.181818181818182,0.409090909090909,0.727272727272727,NA,NA,0.0909090909090909,1,NA,0.0909090909090909,NA,0.181818181818182,NA,NA,NA,NA,NA,NA,NA,NA,NA,NA,NA,NA,NA,NA,NA,NA,NA,NA,NA,NA,NA,1,1,0.454545454545455
"65",5,2009,0.0476190476190476,0.0476190476190476,0.0476190476190476,0.0476190476190476,0.285714285714286,0.285714285714286,0.285714285714286,NA,NA,NA,0.904761904761905,NA,0.523809523809524,NA,0.904761904761905,0.0952380952380952,0.238095238095238,0.904761904761905,0.0476190476190476,NA,0.285714285714286,NA,0.19047619047619,1,0,NA,0.380952380952381,NA,NA,0.0952380952380952,0.571428571428571,0.523809523809524,NA,NA,0.0952380952380952,1,NA,0.0476190476190476,NA,0.0952380952380952,NA,NA,NA,NA,NA,NA,NA,NA,NA,NA,NA,NA,NA,NA,NA,NA,NA,NA,NA,NA,NA,1,1,0.523809523809524
"66",6,2009,0.0454545454545455,0.0454545454545455,0.0454545454545455,0.0909090909090909,0.681818181818182,0.409090909090909,0.363636363636364,NA,NA,NA,1,NA,0.590909090909091,NA,0.954545454545455,0.0454545454545455,0.5,0.727272727272727,0.0909090909090909,NA,0.545454545454545,NA,0.0909090909090909,1,0.0454545454545455,NA,0.727272727272727,NA,NA,0.363636363636364,0.363636363636364,0.318181818181818,NA,NA,0.0909090909090909,0.772727272727273,NA,0.0909090909090909,NA,0.0909090909090909,NA,NA,NA,NA,NA,NA,NA,NA,NA,NA,NA,NA,NA,NA,NA,NA,NA,NA,NA,NA,NA,1,1,0.636363636363636
"67",7,2009,0,0,0,0.0869565217391304,0.391304347826087,0.304347826086957,0.173913043478261,NA,NA,NA,0.956521739130435,NA,0.521739130434783,NA,1,0.0869565217391304,0.434782608695652,0.695652173913043,0,NA,0.391304347826087,NA,0.260869565217391,1,0,NA,0.434782608695652,NA,NA,0.347826086956522,0.565217391304348,0.304347826086957,NA,NA,0.0869565217391304,1,NA,0.130434782608696,NA,0.130434782608696,NA,NA,NA,NA,NA,NA,NA,NA,NA,NA,NA,NA,NA,NA,NA,NA,NA,NA,NA,NA,NA,1,1,0.434782608695652
"68",8,2009,0.0952380952380952,0.0952380952380952,0.0952380952380952,0.0952380952380952,0.428571428571429,0.523809523809524,0.19047619047619,NA,NA,NA,0.523809523809524,NA,0.523809523809524,NA,0.952380952380952,0.142857142857143,0.238095238095238,0.952380952380952,0.142857142857143,NA,0.333333333333333,NA,0.428571428571429,1,0.0952380952380952,NA,0.285714285714286,NA,NA,0.333333333333333,0.619047619047619,0.666666666666667,NA,NA,0.238095238095238,1,NA,0.142857142857143,NA,0.0952380952380952,NA,NA,NA,NA,NA,NA,NA,NA,NA,NA,NA,NA,NA,NA,NA,NA,NA,NA,NA,NA,NA,1,1,0.380952380952381
"69",9,2009,0.0454545454545455,0,0.0454545454545455,0,0.272727272727273,0.0909090909090909,0.136363636363636,NA,NA,NA,0.363636363636364,NA,0.545454545454545,NA,0.818181818181818,0,0.318181818181818,0.863636363636364,0,NA,0.409090909090909,NA,0.0909090909090909,1,0.0454545454545455,NA,0.272727272727273,NA,NA,0.0454545454545455,0.454545454545455,0.136363636363636,NA,NA,0.136363636363636,0.909090909090909,NA,0.0454545454545455,NA,0.0909090909090909,NA,NA,NA,NA,NA,NA,NA,NA,NA,NA,NA,NA,NA,NA,NA,NA,NA,NA,NA,NA,NA,1,1,0.272727272727273
"70",10,2009,0.0454545454545455,0.0454545454545455,0.0454545454545455,0.136363636363636,0.681818181818182,0.0454545454545455,0.0909090909090909,NA,NA,NA,0.545454545454545,NA,0.5,NA,0.818181818181818,0.0454545454545455,0.5,0.772727272727273,0.0909090909090909,NA,0.409090909090909,NA,0.0909090909090909,0.909090909090909,0.136363636363636,NA,0.363636363636364,NA,NA,0.318181818181818,0.545454545454545,0.272727272727273,NA,NA,0.0909090909090909,1,NA,0.0909090909090909,NA,0.272727272727273,NA,NA,NA,NA,NA,NA,NA,NA,NA,NA,NA,NA,NA,NA,NA,NA,NA,NA,NA,NA,NA,1,1,0.409090909090909
"71",11,2009,0.0476190476190476,0,0,0.0952380952380952,0.333333333333333,0,0.0476190476190476,NA,NA,NA,0.761904761904762,NA,0.428571428571429,NA,0.904761904761905,0,0.0476190476190476,0.80952380952381,0,0.9,0.333333333333333,NA,0.0476190476190476,1,0.0952380952380952,0.142857142857143,0.428571428571429,NA,NA,0.19047619047619,0.380952380952381,0.19047619047619,NA,NA,0.0476190476190476,1,NA,0.0476190476190476,NA,0.19047619047619,NA,NA,NA,NA,NA,NA,NA,NA,NA,NA,NA,NA,NA,NA,NA,NA,NA,NA,NA,NA,NA,1,1,0.476190476190476
"72",12,2009,0.0869565217391304,0.0869565217391304,0.0869565217391304,0.217391304347826,0.695652173913043,0.130434782608696,0.0869565217391304,NA,NA,NA,0.739130434782609,NA,0.521739130434783,NA,0.869565217391304,0.130434782608696,0.304347826086957,0.521739130434783,0.130434782608696,1,0.173913043478261,NA,0.173913043478261,1,0.0869565217391304,0.260869565217391,0.565217391304348,NA,0.75,0.217391304347826,0.434782608695652,0.304347826086957,NA,NA,0.217391304347826,1,NA,0.173913043478261,NA,0.173913043478261,NA,NA,NA,NA,NA,NA,NA,NA,NA,NA,NA,NA,NA,NA,NA,NA,NA,NA,NA,NA,NA,1,1,0.478260869565217
"73",1,2010,0.0476190476190476,0.0476190476190476,0.0952380952380952,0.0952380952380952,0.333333333333333,0.142857142857143,0.142857142857143,NA,NA,NA,0.666666666666667,NA,0.619047619047619,NA,0.761904761904762,0.0476190476190476,0.285714285714286,0.666666666666667,0.0476190476190476,1,0.0952380952380952,NA,0.19047619047619,1,0.0476190476190476,0.238095238095238,0.523809523809524,NA,0.80952380952381,0.0476190476190476,0.476190476190476,0.428571428571429,NA,NA,0.0952380952380952,0.714285714285714,NA,0.0952380952380952,NA,0.19047619047619,NA,NA,NA,NA,NA,NA,NA,NA,NA,NA,NA,NA,NA,NA,NA,NA,NA,NA,NA,NA,NA,1,1,0.238095238095238
"74",2,2010,0,0.1,0,0,0.1,0,0,NA,NA,NA,0.95,NA,0.75,NA,0.95,0.15,0.25,0.65,0,1,0.25,NA,0,1,0.1,0,0.65,NA,0.9,0.3,0.7,0.25,NA,NA,0.3,1,NA,0.1,NA,0.5,NA,NA,NA,NA,NA,NA,NA,NA,NA,NA,NA,NA,NA,NA,NA,NA,NA,NA,NA,NA,NA,1,1,0.45
"75",3,2010,0.0434782608695652,0.0869565217391304,0.130434782608696,0.0869565217391304,0.521739130434783,0.130434782608696,0.173913043478261,NA,NA,NA,0.739130434782609,NA,0.434782608695652,NA,1,0.0869565217391304,0.260869565217391,0.652173913043478,0.0869565217391304,1,0.0869565217391304,NA,0.0434782608695652,1,0.0869565217391304,0.130434782608696,0.434782608695652,NA,0.826086956521739,0.173913043478261,0.91304347826087,0.347826086956522,NA,NA,0.173913043478261,1,NA,0.0434782608695652,NA,0.347826086956522,NA,NA,NA,NA,NA,NA,NA,NA,NA,NA,NA,NA,NA,NA,NA,NA,NA,NA,NA,NA,NA,1,1,0.173913043478261
"76",4,2010,0.0909090909090909,0.0909090909090909,0.0454545454545455,0.136363636363636,0.318181818181818,0.0454545454545455,0.136363636363636,NA,NA,NA,0.727272727272727,NA,0.727272727272727,NA,1,0.136363636363636,0.181818181818182,0.818181818181818,0.0909090909090909,1,0.363636363636364,NA,0.0454545454545455,1,0.0909090909090909,0.454545454545455,0.590909090909091,NA,0.818181818181818,0.0909090909090909,0.727272727272727,0.318181818181818,NA,NA,0.227272727272727,1,NA,0.136363636363636,NA,0.181818181818182,NA,NA,NA,NA,NA,NA,NA,NA,NA,NA,NA,NA,NA,NA,NA,NA,NA,NA,NA,NA,NA,1,1,0.318181818181818
"77",5,2010,0.0476190476190476,0.0476190476190476,0.0476190476190476,0.0476190476190476,0.380952380952381,0.0952380952380952,0.0952380952380952,NA,NA,NA,0.857142857142857,NA,0.761904761904762,NA,0.904761904761905,0.0952380952380952,0.238095238095238,1,0.0476190476190476,1,0.19047619047619,NA,0.142857142857143,1,0.19047619047619,0.428571428571429,0.476190476190476,NA,1,0.285714285714286,0.619047619047619,0.619047619047619,NA,NA,0.0952380952380952,1,NA,0.142857142857143,NA,0.238095238095238,NA,NA,NA,NA,NA,NA,NA,NA,NA,NA,NA,NA,NA,NA,NA,NA,NA,NA,NA,NA,NA,1,1,0.285714285714286
"78",6,2010,0,0,0,0,0.545454545454545,0.363636363636364,0.0454545454545455,NA,NA,NA,0.909090909090909,NA,0.772727272727273,NA,1,0.136363636363636,0.363636363636364,0.818181818181818,0.0454545454545455,0.954545454545455,0.5,NA,0.0454545454545455,1,0.0909090909090909,0.136363636363636,0.454545454545455,NA,0.954545454545455,0.318181818181818,0.636363636363636,0.272727272727273,NA,NA,0.0454545454545455,1,NA,0,NA,0.272727272727273,NA,NA,NA,NA,NA,NA,NA,NA,NA,NA,NA,NA,NA,NA,NA,NA,NA,NA,NA,NA,NA,1,1,0.5
"79",7,2010,0.136363636363636,0,0.0454545454545455,0,0.681818181818182,0.590909090909091,0.136363636363636,NA,NA,0,0.909090909090909,NA,0.772727272727273,NA,1,0.0909090909090909,0.136363636363636,0.818181818181818,0.0909090909090909,1,0.318181818181818,NA,0.272727272727273,1,0.0454545454545455,0.454545454545455,0.636363636363636,NA,0.909090909090909,0.318181818181818,0.863636363636364,0.318181818181818,NA,NA,0.136363636363636,1,NA,0,NA,0.318181818181818,NA,NA,NA,NA,NA,NA,NA,NA,NA,NA,NA,NA,NA,NA,NA,NA,NA,NA,NA,NA,NA,1,1,0.454545454545455
"80",8,2010,0.0909090909090909,0.0454545454545455,0.0909090909090909,0.0454545454545455,0.590909090909091,0.5,0.136363636363636,NA,NA,0.0909090909090909,0.818181818181818,NA,0.818181818181818,NA,1,0.181818181818182,0.363636363636364,0.681818181818182,0.0454545454545455,1,0.545454545454545,NA,0.318181818181818,1,0.0909090909090909,0.590909090909091,0.545454545454545,NA,0.863636363636364,0.454545454545455,0.772727272727273,0.454545454545455,NA,NA,0.0909090909090909,1,NA,0.181818181818182,NA,0.181818181818182,NA,NA,NA,NA,NA,NA,NA,NA,NA,NA,NA,NA,NA,NA,NA,NA,NA,NA,NA,NA,NA,1,1,0.318181818181818
"81",9,2010,0,0,0,0,0.5,0.181818181818182,0.136363636363636,NA,NA,0.0454545454545455,0.681818181818182,NA,0.454545454545455,NA,1,0,0.409090909090909,0.727272727272727,0.0454545454545455,1,0.545454545454545,NA,0.227272727272727,1,0,0.363636363636364,0.272727272727273,NA,0.954545454545455,0.272727272727273,0.545454545454545,0.181818181818182,NA,0,0,1,NA,0.0909090909090909,NA,0.0454545454545455,NA,NA,NA,NA,NA,NA,NA,NA,NA,NA,NA,NA,NA,NA,NA,NA,NA,NA,NA,NA,NA,1,1,0.454545454545455
"82",10,2010,0.0952380952380952,0,0.0476190476190476,0.0952380952380952,0.238095238095238,0.476190476190476,0.0476190476190476,NA,NA,0.142857142857143,0.80952380952381,NA,0.523809523809524,NA,0.952380952380952,0,0.333333333333333,0.523809523809524,0.0476190476190476,1,0.428571428571429,NA,0.19047619047619,1,0.238095238095238,0.19047619047619,0.619047619047619,NA,0.285714285714286,0.238095238095238,0.571428571428571,0.476190476190476,NA,0,0,1,NA,0.0476190476190476,NA,0.0952380952380952,NA,NA,NA,NA,NA,NA,NA,NA,NA,NA,NA,NA,NA,NA,NA,NA,NA,NA,NA,NA,NA,1,1,0.19047619047619
"83",11,2010,0.0909090909090909,0.0454545454545455,0.0454545454545455,0.181818181818182,0.363636363636364,0.409090909090909,0.0454545454545455,NA,NA,0.0454545454545455,0.818181818181818,0,0.5,NA,0.863636363636364,0.0454545454545455,0.363636363636364,1,0.0454545454545455,1,0.636363636363636,NA,0.272727272727273,1,0.136363636363636,0.545454545454545,0.590909090909091,NA,0.227272727272727,0.272727272727273,0.818181818181818,0.318181818181818,NA,0.227272727272727,0.136363636363636,0.909090909090909,NA,0.0909090909090909,NA,0.227272727272727,NA,NA,NA,NA,NA,NA,NA,NA,NA,NA,NA,NA,NA,NA,NA,NA,NA,NA,NA,NA,NA,1,1,0.272727272727273
"84",12,2010,0.0869565217391304,0.130434782608696,0.0869565217391304,0.0869565217391304,0.391304347826087,0.173913043478261,0.173913043478261,NA,NA,0.0869565217391304,0.782608695652174,0.0434782608695652,0.391304347826087,NA,0.826086956521739,0.0434782608695652,0.565217391304348,0.91304347826087,0.0434782608695652,1,0.565217391304348,NA,0.260869565217391,1,0.173913043478261,0.521739130434783,0.478260869565217,NA,0.478260869565217,0.217391304347826,0.478260869565217,0.434782608695652,0.142857142857143,0.130434782608696,0.0869565217391304,0.91304347826087,NA,0.130434782608696,NA,0.347826086956522,NA,NA,NA,NA,NA,NA,NA,NA,NA,NA,NA,NA,NA,NA,NA,NA,NA,NA,NA,NA,NA,1,1,0.260869565217391
"85",1,2011,0,0.0476190476190476,0,0.0476190476190476,0.571428571428571,0.333333333333333,0.0952380952380952,NA,NA,0.0476190476190476,0.619047619047619,0,0.19047619047619,NA,0.857142857142857,0,0.476190476190476,0.952380952380952,0.0952380952380952,1,0.571428571428571,NA,0.238095238095238,1,0.285714285714286,0.380952380952381,0.428571428571429,NA,0.238095238095238,0.333333333333333,0.380952380952381,0.761904761904762,0.523809523809524,0,0,0.857142857142857,NA,0,NA,0.0476190476190476,NA,NA,NA,NA,NA,NA,NA,NA,NA,NA,NA,NA,NA,NA,NA,NA,NA,NA,NA,NA,NA,1,1,0.476190476190476
"86",2,2011,0.05,0,0,0.2,0.45,0.35,0.15,NA,NA,0.1,0.75,0.05,0.15,NA,0.95,0.2,0.65,0.9,0.1,1,0.55,NA,0.15,1,0.2,0.5,0.55,NA,0.8,0.35,0.5,0.45,0.7,0,0.05,0.7,0,0,NA,0.15,NA,NA,NA,NA,NA,NA,NA,NA,NA,NA,NA,NA,NA,NA,NA,NA,NA,NA,NA,NA,NA,1,1,0.45
"87",3,2011,0.130434782608696,0.0869565217391304,0.130434782608696,0.173913043478261,0.521739130434783,0.347826086956522,0.173913043478261,NA,NA,0.0869565217391304,0.782608695652174,0.217391304347826,0.130434782608696,NA,0.956521739130435,0.130434782608696,0.391304347826087,1,0.173913043478261,1,0.391304347826087,NA,0.217391304347826,0.956521739130435,0.217391304347826,0.695652173913043,0.826086956521739,NA,0.434782608695652,0.478260869565217,0.347826086956522,0.478260869565217,0.695652173913043,0.0869565217391304,0.0869565217391304,0.739130434782609,0.130434782608696,0.173913043478261,NA,0.173913043478261,NA,NA,NA,NA,NA,NA,NA,NA,NA,NA,NA,NA,NA,NA,NA,NA,NA,NA,NA,NA,NA,1,1,0.434782608695652
"88",4,2011,0.0476190476190476,0.0476190476190476,0.0476190476190476,0.142857142857143,0.476190476190476,0.714285714285714,0.0952380952380952,NA,NA,0.0476190476190476,0.80952380952381,0.142857142857143,0.0952380952380952,NA,0.857142857142857,0.0952380952380952,0.142857142857143,1,0.285714285714286,1,0.619047619047619,NA,0.285714285714286,1,0.238095238095238,0.476190476190476,0.523809523809524,NA,0.380952380952381,0.142857142857143,0.142857142857143,0.285714285714286,0.380952380952381,0.0476190476190476,0.0952380952380952,0.666666666666667,0.19047619047619,0.19047619047619,NA,0.238095238095238,NA,NA,NA,NA,NA,NA,NA,NA,NA,NA,NA,NA,NA,NA,NA,NA,NA,NA,NA,NA,NA,1,1,0.428571428571429
"89",5,2011,0,0,0.0454545454545455,0.0454545454545455,0.409090909090909,0.318181818181818,0.318181818181818,NA,NA,0.0454545454545455,0.727272727272727,0.0454545454545455,0.136363636363636,NA,1,0,0.363636363636364,1,0,1,0.681818181818182,NA,0.0909090909090909,1,0.227272727272727,0.454545454545455,0.727272727272727,NA,0.545454545454545,0.227272727272727,0.0454545454545455,0.5,0.818181818181818,0.0454545454545455,0.0909090909090909,0.772727272727273,0.181818181818182,0,NA,0.363636363636364,NA,NA,NA,NA,NA,NA,NA,NA,NA,NA,NA,NA,NA,NA,NA,NA,NA,NA,NA,NA,NA,1,1,0.5
"90",6,2011,0.0454545454545455,0.0454545454545455,0.0909090909090909,0.181818181818182,0.454545454545455,0.590909090909091,0.0454545454545455,NA,NA,0.136363636363636,0.772727272727273,0.136363636363636,0.545454545454545,NA,0.954545454545455,0.0909090909090909,0.636363636363636,0.909090909090909,0.0454545454545455,1,0.590909090909091,NA,0.181818181818182,1,0.272727272727273,0.818181818181818,0.5,NA,0.590909090909091,0.318181818181818,0.0454545454545455,0.409090909090909,0.818181818181818,0.0454545454545455,0.0909090909090909,0.772727272727273,0.318181818181818,0.181818181818182,NA,0.318181818181818,NA,NA,NA,NA,NA,NA,NA,NA,NA,NA,NA,NA,NA,NA,NA,NA,NA,NA,NA,NA,NA,1,1,0.318181818181818
"91",7,2011,0.0476190476190476,0.0476190476190476,0,0,0.761904761904762,0.571428571428571,0.0476190476190476,NA,NA,0.142857142857143,0.761904761904762,0.0952380952380952,0.571428571428571,NA,0.904761904761905,0.0476190476190476,0.0476190476190476,0.80952380952381,0.0476190476190476,1,0.571428571428571,NA,0.238095238095238,1,0.285714285714286,0.619047619047619,0.619047619047619,NA,0.523809523809524,0.523809523809524,0.0476190476190476,0.19047619047619,0.380952380952381,0.19047619047619,0.19047619047619,0.80952380952381,0.285714285714286,0,NA,0.0476190476190476,NA,NA,NA,NA,NA,NA,NA,NA,NA,NA,NA,NA,NA,NA,NA,NA,NA,NA,NA,NA,NA,1,1,0.19047619047619
"92",8,2011,0,0.0869565217391304,0.0869565217391304,0,0.565217391304348,0.565217391304348,0.130434782608696,NA,NA,0.0869565217391304,0.826086956521739,0.0869565217391304,0.304347826086957,NA,0.956521739130435,0,0.173913043478261,0.869565217391304,0.0434782608695652,1,0.565217391304348,NA,0.0869565217391304,1,0.173913043478261,0.130434782608696,0.521739130434783,NA,0.565217391304348,0.347826086956522,0.0434782608695652,0.391304347826087,0.652173913043478,0.0869565217391304,0.130434782608696,1,0.304347826086957,0,0.0625,0.0434782608695652,NA,NA,NA,NA,NA,NA,NA,NA,NA,NA,NA,NA,NA,NA,NA,NA,NA,NA,NA,NA,NA,1,1,0.391304347826087
"93",9,2011,0,0.0454545454545455,0,0.0454545454545455,0.5,0.318181818181818,0.0909090909090909,NA,NA,0,0.863636363636364,0.227272727272727,0.272727272727273,NA,0.863636363636364,0.0454545454545455,0.0454545454545455,0.954545454545455,0.0454545454545455,1,0.818181818181818,NA,0.227272727272727,1,0.227272727272727,0.0454545454545455,0.681818181818182,NA,0.545454545454545,0.0454545454545455,0.181818181818182,0.5,0.772727272727273,0.0909090909090909,0.272727272727273,0.909090909090909,0.318181818181818,0.0909090909090909,0,0.0909090909090909,NA,NA,NA,NA,NA,NA,NA,NA,NA,NA,NA,NA,NA,NA,NA,NA,NA,NA,NA,NA,NA,1,1,0.454545454545455
"94",10,2011,0.0952380952380952,0.0476190476190476,0.0476190476190476,0.0952380952380952,0.523809523809524,0.476190476190476,0.0952380952380952,NA,NA,0.0952380952380952,0.904761904761905,0.0476190476190476,0.285714285714286,NA,1,0.0476190476190476,0.19047619047619,0.904761904761905,0.0952380952380952,1,0.523809523809524,NA,0.428571428571429,1,0.380952380952381,0.142857142857143,0.714285714285714,NA,0.619047619047619,0.285714285714286,0.285714285714286,0.523809523809524,0.857142857142857,0.333333333333333,0.666666666666667,0.952380952380952,0.333333333333333,0.142857142857143,0.142857142857143,0.19047619047619,NA,NA,NA,NA,NA,NA,NA,NA,NA,NA,NA,NA,NA,NA,NA,NA,NA,NA,NA,NA,NA,1,1,0.523809523809524
"95",11,2011,0.0454545454545455,0.0454545454545455,0.136363636363636,0.136363636363636,0.5,0.272727272727273,0.181818181818182,NA,NA,0.0454545454545455,0.727272727272727,0.181818181818182,0.272727272727273,NA,0.818181818181818,0.0454545454545455,0.0454545454545455,0.909090909090909,0.0909090909090909,1,0.727272727272727,0,0.227272727272727,1,0.181818181818182,0.363636363636364,0.409090909090909,NA,0.590909090909091,0.590909090909091,0.136363636363636,0.545454545454545,0.636363636363636,0.545454545454545,0.227272727272727,1,0.409090909090909,0.409090909090909,0.272727272727273,0.227272727272727,NA,NA,NA,0.636363636363636,0.727272727272727,NA,NA,0.272727272727273,NA,0,NA,0.272727272727273,NA,0.636363636363636,NA,NA,0,0.909090909090909,NA,0.0909090909090909,0.545454545454545,1,1,0.5
"96",12,2011,0.0454545454545455,0.136363636363636,0.0454545454545455,0.136363636363636,0.636363636363636,0.318181818181818,0.136363636363636,NA,NA,0.0909090909090909,0.772727272727273,0.136363636363636,0.318181818181818,NA,0.954545454545455,0.227272727272727,0.272727272727273,0.954545454545455,0.0909090909090909,1,0.818181818181818,0.5,0.363636363636364,1,0.272727272727273,0.272727272727273,0.590909090909091,NA,0.636363636363636,0.181818181818182,0.454545454545455,0.545454545454545,0.772727272727273,0.272727272727273,0.318181818181818,0.863636363636364,0.272727272727273,0.0454545454545455,0.636363636363636,0.227272727272727,NA,NA,NA,0.818181818181818,0.909090909090909,NA,NA,0.0909090909090909,NA,0.227272727272727,NA,0.454545454545455,NA,0.681818181818182,NA,NA,0.318181818181818,0.863636363636364,NA,0.272727272727273,0.727272727272727,1,1,0.5
"97",1,2012,0,0,0.0454545454545455,0.136363636363636,0.590909090909091,0.136363636363636,0.0909090909090909,NA,NA,0.0454545454545455,0.909090909090909,0.0909090909090909,0.227272727272727,NA,0.772727272727273,0.0909090909090909,0,0.909090909090909,0.0454545454545455,1,0.318181818181818,0.181818181818182,0.272727272727273,1,0.454545454545455,0.363636363636364,0.409090909090909,NA,0.318181818181818,0.409090909090909,0.454545454545455,0.454545454545455,0.772727272727273,0.227272727272727,0.136363636363636,0.954545454545455,0.272727272727273,0.0909090909090909,0.727272727272727,0.0454545454545455,NA,0.5,NA,0.863636363636364,0.636363636363636,1,NA,0.0909090909090909,1,0.0454545454545455,0.666666666666667,0.181818181818182,NA,0.318181818181818,NA,NA,0.136363636363636,0.590909090909091,NA,0.590909090909091,0.727272727272727,1,1,0.454545454545455
"98",2,2012,0,0,0.142857142857143,0,0.666666666666667,0.333333333333333,0.238095238095238,NA,NA,0,0.904761904761905,0.0476190476190476,0.142857142857143,NA,0.857142857142857,0,0.19047619047619,0.857142857142857,0,1,0.761904761904762,0.380952380952381,0.0476190476190476,1,0.380952380952381,0.714285714285714,0.333333333333333,NA,0.476190476190476,0.19047619047619,0.142857142857143,0.476190476190476,0.857142857142857,0.238095238095238,0,0.857142857142857,0.285714285714286,0.142857142857143,0.523809523809524,0.285714285714286,NA,0.523809523809524,0.764705882352941,0.761904761904762,0.476190476190476,0.714285714285714,1,0.285714285714286,0.714285714285714,0,0.380952380952381,0.142857142857143,NA,0.0476190476190476,1,NA,0.0476190476190476,0.428571428571429,0.736842105263158,0.476190476190476,0.904761904761905,1,1,0.571428571428571
"99",3,2012,0.136363636363636,0.0909090909090909,0.0909090909090909,0.136363636363636,0.636363636363636,0.409090909090909,0.363636363636364,NA,NA,0.227272727272727,0.909090909090909,0.136363636363636,0.136363636363636,NA,1,0.0909090909090909,0.227272727272727,0.954545454545455,0.181818181818182,1,0.727272727272727,0.272727272727273,0.136363636363636,1,0.409090909090909,0.863636363636364,0.590909090909091,0.333333333333333,0.772727272727273,0.318181818181818,0.0909090909090909,0.318181818181818,0.5,0.318181818181818,0.363636363636364,0.909090909090909,0.590909090909091,0.136363636363636,0.545454545454545,0.272727272727273,NA,0.818181818181818,0.909090909090909,0.863636363636364,0.727272727272727,0.772727272727273,0.954545454545455,0.363636363636364,0.318181818181818,0.136363636363636,0.454545454545455,0.181818181818182,NA,0.409090909090909,0.681818181818182,NA,0.0909090909090909,0.681818181818182,0.772727272727273,0.727272727272727,0.727272727272727,1,1,0.727272727272727
"100",4,2012,0.19047619047619,0.142857142857143,0.19047619047619,0.238095238095238,0.476190476190476,0.571428571428571,0.285714285714286,NA,NA,0.19047619047619,0.761904761904762,0.142857142857143,0.285714285714286,NA,0.952380952380952,0.142857142857143,0.19047619047619,0.904761904761905,0.19047619047619,1,0.714285714285714,0.714285714285714,0.380952380952381,1,0.333333333333333,0.761904761904762,0.523809523809524,0.761904761904762,0.619047619047619,0.333333333333333,0.238095238095238,0.428571428571429,0.952380952380952,0.666666666666667,0.380952380952381,0.952380952380952,0.619047619047619,0.142857142857143,0.761904761904762,0.380952380952381,NA,0.428571428571429,0.904761904761905,0.80952380952381,0.428571428571429,0.80952380952381,0.904761904761905,0.476190476190476,0.619047619047619,0.142857142857143,0.428571428571429,0.380952380952381,NA,0.619047619047619,0.80952380952381,NA,0.142857142857143,0.857142857142857,0.476190476190476,0.714285714285714,0.476190476190476,1,1,0.666666666666667
"101",5,2012,0.0869565217391304,0.0869565217391304,0.0869565217391304,0.0869565217391304,0.347826086956522,0.782608695652174,0.304347826086957,NA,NA,0.217391304347826,0.91304347826087,0.173913043478261,0.304347826086957,NA,0.826086956521739,0.0869565217391304,0.173913043478261,0.956521739130435,0.260869565217391,1,0.565217391304348,0.652173913043478,0.217391304347826,1,0.434782608695652,0.521739130434783,0.347826086956522,0.565217391304348,0.739130434782609,0.217391304347826,0.0869565217391304,0.521739130434783,0.956521739130435,0.565217391304348,0.260869565217391,1,0.565217391304348,0.173913043478261,0.695652173913043,0.217391304347826,NA,0.565217391304348,0.869565217391304,0.782608695652174,0.91304347826087,0.739130434782609,1,0.347826086956522,0.565217391304348,0.347826086956522,0.695652173913043,0.521739130434783,NA,0.695652173913043,0.652173913043478,NA,0.217391304347826,0.782608695652174,0.521739130434783,0.391304347826087,0.739130434782609,1,1,0.695652173913043
"102",6,2012,0,0,0.0952380952380952,0,0.476190476190476,0.571428571428571,0,NA,NA,0.0952380952380952,0.857142857142857,0.19047619047619,0.476190476190476,NA,0.80952380952381,0,0.19047619047619,0.952380952380952,0.142857142857143,1,0.476190476190476,0.428571428571429,0.19047619047619,1,0.333333333333333,0.761904761904762,0.380952380952381,0.523809523809524,0.80952380952381,0.19047619047619,0.238095238095238,0.619047619047619,0.952380952380952,0.238095238095238,0.285714285714286,0.857142857142857,0.428571428571429,0.0476190476190476,0.904761904761905,0.285714285714286,0.818181818181818,0.666666666666667,0.80952380952381,0.80952380952381,0.666666666666667,0.666666666666667,0.857142857142857,0.142857142857143,0.952380952380952,0.0476190476190476,0.380952380952381,0.238095238095238,NA,0.761904761904762,0.761904761904762,NA,0.333333333333333,0.80952380952381,0.666666666666667,0.380952380952381,0.619047619047619,1,1,0.333333333333333
"103",7,2012,0,0,0.0909090909090909,0.0909090909090909,0.727272727272727,0.681818181818182,0.136363636363636,NA,NA,0.0454545454545455,0.909090909090909,0.0454545454545455,0.590909090909091,NA,0.818181818181818,0.0454545454545455,0.181818181818182,1,0.0909090909090909,1,0.772727272727273,0.636363636363636,0.5,1,0.363636363636364,0.681818181818182,0.227272727272727,0.818181818181818,0.772727272727273,0.5,0.409090909090909,0.409090909090909,0.772727272727273,0.227272727272727,0.272727272727273,0.863636363636364,0.590909090909091,0.136363636363636,0.727272727272727,0.0909090909090909,0.909090909090909,0.590909090909091,0.454545454545455,0.863636363636364,0.909090909090909,0.727272727272727,0.772727272727273,0.318181818181818,0.681818181818182,0.0909090909090909,0.636363636363636,0.272727272727273,1,0.590909090909091,0.772727272727273,NA,0.227272727272727,0.681818181818182,0.772727272727273,0.636363636363636,0.772727272727273,1,1,0.590909090909091
"104",8,2012,0.0869565217391304,0.0869565217391304,0.0434782608695652,0.173913043478261,0.739130434782609,0.869565217391304,0.260869565217391,NA,NA,0.0869565217391304,0.869565217391304,0.217391304347826,0.608695652173913,NA,0.956521739130435,0.0434782608695652,0.391304347826087,0.91304347826087,0.130434782608696,1,0.521739130434783,0.695652173913043,0.391304347826087,1,0.391304347826087,0.652173913043478,0.391304347826087,0.521739130434783,0.565217391304348,0.347826086956522,0.521739130434783,0.434782608695652,0.739130434782609,0.304347826086957,0.304347826086957,0.91304347826087,0.521739130434783,0.130434782608696,0.739130434782609,0.391304347826087,0.956521739130435,0.608695652173913,0.739130434782609,0.956521739130435,0.782608695652174,0.608695652173913,0.91304347826087,0.304347826086957,0.652173913043478,0.217391304347826,0.608695652173913,0.347826086956522,0.91304347826087,0.695652173913043,0.826086956521739,1,0.130434782608696,0.608695652173913,0.695652173913043,0.478260869565217,0.739130434782609,1,1,0.478260869565217
"105",9,2012,0.05,0,0,0.1,0.5,0.6,0.15,1,NA,0.05,0.75,0.25,0.65,NA,0.95,0,0.65,0.9,0.25,1,0.35,0.65,0.3,1,0.25,0.9,0.5,0.65,0.7,0.45,0.1,0.45,0.85,0.2,0.1,0.95,0.5,0.15,0.75,0.2,0.65,0.3,0.9,0.95,0.6,0.8,0.65,0.05,0.65,0,0.45,0.1,0.75,0.5,0.5,0.9,0,0.9,0.7,0.65,0.85,1,1,0.45
"106",10,2012,0.130434782608696,0.0869565217391304,0.173913043478261,0.173913043478261,0.391304347826087,0.565217391304348,0.0869565217391304,1,NA,0.260869565217391,0.869565217391304,0.347826086956522,0.565217391304348,NA,0.739130434782609,0.260869565217391,0.521739130434783,1,0.130434782608696,1,0.347826086956522,0.565217391304348,0.521739130434783,1,0.391304347826087,0.782608695652174,0.347826086956522,0.739130434782609,0.565217391304348,0.434782608695652,0.304347826086957,0.565217391304348,0.869565217391304,0.391304347826087,0.260869565217391,0.782608695652174,0.608695652173913,0.217391304347826,0.956521739130435,0.434782608695652,0.826086956521739,0.565217391304348,0.826086956521739,0.782608695652174,0.478260869565217,0.565217391304348,0.91304347826087,0.217391304347826,0.739130434782609,0.173913043478261,0.608695652173913,0.260869565217391,0.782608695652174,0.565217391304348,0.434782608695652,0.869565217391304,0.304347826086957,0.869565217391304,0.91304347826087,0.652173913043478,0.956521739130435,1,1,0.565217391304348
"107",11,2012,0.0909090909090909,0.0909090909090909,0.0909090909090909,0.227272727272727,0.454545454545455,0.636363636363636,0.272727272727273,0.636363636363636,NA,0.272727272727273,0.727272727272727,0.181818181818182,0.409090909090909,NA,0.909090909090909,0.136363636363636,0.454545454545455,1,0.0909090909090909,1,0.409090909090909,0.590909090909091,0.545454545454545,1,0.272727272727273,0.636363636363636,0.590909090909091,0.727272727272727,0.590909090909091,0.363636363636364,0.409090909090909,0.545454545454545,0.954545454545455,0.409090909090909,0.227272727272727,0.909090909090909,0.545454545454545,0.0909090909090909,0.909090909090909,0.272727272727273,0.772727272727273,0.545454545454545,0.681818181818182,0.818181818181818,0.727272727272727,0.727272727272727,0.772727272727273,0.363636363636364,0.727272727272727,0.181818181818182,0.636363636363636,0.545454545454545,0.863636363636364,0.227272727272727,0.363636363636364,0.772727272727273,0.181818181818182,0.636363636363636,0.909090909090909,0.454545454545455,1,1,1,0.5
"108",12,2012,0.285714285714286,0.19047619047619,0.19047619047619,0.238095238095238,0.428571428571429,0.857142857142857,0.19047619047619,0.857142857142857,NA,0.238095238095238,0.80952380952381,0.238095238095238,0.80952380952381,NA,0.761904761904762,0.19047619047619,0.619047619047619,0.857142857142857,0.19047619047619,1,0.428571428571429,0.761904761904762,0.428571428571429,1,0.714285714285714,0.80952380952381,0.571428571428571,0.523809523809524,0.80952380952381,0.380952380952381,0.380952380952381,0.571428571428571,0.857142857142857,0.476190476190476,0.380952380952381,0.857142857142857,0.285714285714286,0.238095238095238,0.80952380952381,0.333333333333333,0.80952380952381,0.476190476190476,0.714285714285714,0.952380952380952,0.619047619047619,0.619047619047619,0.857142857142857,0.380952380952381,0.619047619047619,0.285714285714286,0.19047619047619,0.619047619047619,0.952380952380952,0.523809523809524,0.571428571428571,0.952380952380952,0.285714285714286,0.523809523809524,1,0.619047619047619,0.80952380952381,1,1,0.714285714285714
"109",1,2013,0.0869565217391304,0.0434782608695652,0.130434782608696,0.0869565217391304,0.434782608695652,0.652173913043478,0.173913043478261,1,NA,0.0869565217391304,0.782608695652174,0.260869565217391,0.478260869565217,NA,0.869565217391304,0.0869565217391304,0.478260869565217,0.608695652173913,0.0869565217391304,1,0.217391304347826,0.608695652173913,0.173913043478261,1,0.304347826086957,0.652173913043478,0.782608695652174,0.478260869565217,0.782608695652174,0.260869565217391,0.521739130434783,0.391304347826087,0.391304347826087,0.304347826086957,0.173913043478261,0.782608695652174,0.304347826086957,0.130434782608696,0.391304347826087,0.478260869565217,0.826086956521739,0.521739130434783,0.739130434782609,0.826086956521739,0.608695652173913,0.434782608695652,0.91304347826087,0.347826086956522,0.434782608695652,0.0434782608695652,0.347826086956522,0.391304347826087,0.782608695652174,0.304347826086957,0.826086956521739,1,0.0434782608695652,0.478260869565217,0.869565217391304,0.565217391304348,0.652173913043478,1,1,0.652173913043478
"110",2,2013,0,0,0,0.1,0.55,1,0.15,0.85,NA,0.15,1,0.3,0.65,NA,0.95,0,0.4,0.8,0.15,1,0.5,0.5,0.3,1,0.5,0.6,0.35,0.9,0.8,0.3,0.3,0.45,0.95,0.35,0.05,0.6,0.4,0.15,0,0.45,0.9,0.55,0.8,0.9,0.7,0.75,1,0.55,0.6,0.15,0.55,0.35,0.75,0.4,0.85,0.95,0.2,0.6,1,0.65,0.8,1,1,0.55
"111",3,2013,0.0952380952380952,0.0952380952380952,0.0952380952380952,0.238095238095238,0.714285714285714,0.761904761904762,0.238095238095238,1,NA,0.0952380952380952,0.904761904761905,0.285714285714286,0.714285714285714,NA,0.904761904761905,0.0952380952380952,0.523809523809524,0.904761904761905,0.142857142857143,1,0.619047619047619,0.619047619047619,0.523809523809524,1,0.380952380952381,0.761904761904762,0.333333333333333,0.857142857142857,0.428571428571429,0.523809523809524,0.428571428571429,0.523809523809524,0.857142857142857,0.523809523809524,0.142857142857143,0.857142857142857,0.523809523809524,0.142857142857143,0.0952380952380952,0.380952380952381,0.904761904761905,0.476190476190476,0.714285714285714,1,0.761904761904762,0.571428571428571,0.904761904761905,0.333333333333333,0.619047619047619,0.142857142857143,0.714285714285714,0.333333333333333,0.80952380952381,0.523809523809524,0.714285714285714,1,0.285714285714286,0.523809523809524,0.761904761904762,0.666666666666667,0.952380952380952,1,1,0.714285714285714
"112",4,2013,0.0454545454545455,0.0909090909090909,0.0454545454545455,0.136363636363636,0.454545454545455,0.818181818181818,0.181818181818182,0.954545454545455,NA,0.0909090909090909,0.818181818181818,0.0909090909090909,0.590909090909091,NA,0.954545454545455,0.181818181818182,0.681818181818182,0.954545454545455,0.136363636363636,1,0.5,0.727272727272727,0.454545454545455,1,0.227272727272727,0.863636363636364,0.5,0.681818181818182,0.5,0.363636363636364,0.318181818181818,0.5,0.863636363636364,0.454545454545455,0.0454545454545455,0.863636363636364,0.545454545454545,0.227272727272727,0.0909090909090909,0.363636363636364,0.954545454545455,0.636363636363636,0.772727272727273,1,0.545454545454545,0.727272727272727,0.954545454545455,0.5,1,0.181818181818182,0.545454545454545,0.136363636363636,0.818181818181818,0.272727272727273,0.5,1,0.181818181818182,0.681818181818182,0.863636363636364,0.227272727272727,0.909090909090909,1,1,0.636363636363636
"113",5,2013,0.130434782608696,0.0869565217391304,0.0869565217391304,0.130434782608696,0.304347826086957,0.869565217391304,0.217391304347826,0.826086956521739,NA,0.130434782608696,0.956521739130435,0.304347826086957,0.565217391304348,NA,0.956521739130435,0.130434782608696,0.521739130434783,1,0.130434782608696,1,0.652173913043478,0.739130434782609,0.217391304347826,1,0.521739130434783,0.652173913043478,0.434782608695652,0.695652173913043,0.260869565217391,0.260869565217391,0.391304347826087,0.391304347826087,0.782608695652174,0.434782608695652,0.217391304347826,0.739130434782609,0.608695652173913,0.130434782608696,0.173913043478261,0.521739130434783,0.608695652173913,0.869565217391304,0.782608695652174,0.826086956521739,0.565217391304348,0.695652173913043,0.956521739130435,0.260869565217391,0.782608695652174,0.130434782608696,0.347826086956522,0.434782608695652,0.695652173913043,0.565217391304348,0.434782608695652,0.869565217391304,0.304347826086957,0.608695652173913,0.826086956521739,0.565217391304348,0.956521739130435,1,1,0.521739130434783
"114",6,2013,0,0,0.05,0.15,0.35,1,0.2,0.8,0.666666666666667,0.1,0.9,0.3,0.7,NA,0.95,0.15,0.15,0.95,0.1,1,0.15,0.6,0.25,1,0.3,0.9,0.55,0.85,0.3,0.4,0.5,0.55,0.85,0.4,0.1,0.7,0.45,0.1,0.15,0.2,0.55,0.85,0.75,0.9,0.55,0.2,1,0.3,0.8,0.05,0.4,0.2,0.35,0.65,0.45,0.7,0.25,0.65,0.85,0.4,0.9,1,1,0.6
"115",7,2013,0.0434782608695652,0,0.130434782608696,0.130434782608696,0.391304347826087,0.478260869565217,0.217391304347826,0.91304347826087,0.869565217391304,0.0869565217391304,0.869565217391304,0.217391304347826,0.869565217391304,NA,1,0.217391304347826,0.434782608695652,1,0,1,0.304347826086957,0.782608695652174,0.173913043478261,1,0.565217391304348,0.652173913043478,0.782608695652174,0.434782608695652,0.434782608695652,0.130434782608696,0.260869565217391,0.434782608695652,0.565217391304348,0.391304347826087,0.0434782608695652,0.91304347826087,0.347826086956522,0.130434782608696,0.478260869565217,0.0869565217391304,0.304347826086957,0.826086956521739,0.826086956521739,1,0.608695652173913,0.478260869565217,0.782608695652174,0.217391304347826,0.826086956521739,0.0869565217391304,0.434782608695652,0.0434782608695652,0.608695652173913,0.391304347826087,0.608695652173913,0.695652173913043,0.217391304347826,0.652173913043478,0.739130434782609,0.391304347826087,0.869565217391304,1,1,0.521739130434783
"116",8,2013,0.136363636363636,0.0909090909090909,0.0909090909090909,0.181818181818182,0.545454545454545,0.590909090909091,0.409090909090909,0.909090909090909,0.818181818181818,0.181818181818182,0.772727272727273,0.0909090909090909,0.863636363636364,NA,1,0.318181818181818,0.863636363636364,0.954545454545455,0.181818181818182,1,0.590909090909091,0.909090909090909,0.590909090909091,1,0.227272727272727,0.909090909090909,0.5,0.818181818181818,0.454545454545455,0.363636363636364,0.681818181818182,0.727272727272727,0.772727272727273,0.409090909090909,0.318181818181818,0.863636363636364,0.409090909090909,0.181818181818182,0.227272727272727,0.318181818181818,0.636363636363636,0.636363636363636,0.863636363636364,0.954545454545455,0.590909090909091,0.727272727272727,0.863636363636364,0.5,0.909090909090909,0.136363636363636,0.590909090909091,0.272727272727273,0.545454545454545,0.363636363636364,0.772727272727273,0.818181818181818,0.272727272727273,0.772727272727273,0.909090909090909,0.454545454545455,0.954545454545455,1,1,0.636363636363636
"117",9,2013,0,0,0.0476190476190476,0.142857142857143,0.428571428571429,0.80952380952381,0.285714285714286,0.904761904761905,1,0.19047619047619,0.80952380952381,0.0476190476190476,0.714285714285714,NA,0.952380952380952,0,0.523809523809524,0.952380952380952,0.0952380952380952,1,0.523809523809524,0.571428571428571,0.333333333333333,1,0.571428571428571,0.523809523809524,0.666666666666667,0.619047619047619,0.619047619047619,0.238095238095238,0.619047619047619,0.428571428571429,0.571428571428571,0.571428571428571,0.142857142857143,0.666666666666667,0.476190476190476,0.0476190476190476,0.285714285714286,0.19047619047619,0.619047619047619,0.761904761904762,0.857142857142857,0.904761904761905,0.428571428571429,0.523809523809524,0.904761904761905,0.571428571428571,0.904761904761905,0.0952380952380952,0.380952380952381,0.142857142857143,0.333333333333333,0.333333333333333,0.666666666666667,0.666666666666667,0.0952380952380952,0.80952380952381,0.857142857142857,0.333333333333333,1,1,1,0.619047619047619
"118",10,2013,0.0869565217391304,0.0434782608695652,0.173913043478261,0.173913043478261,0.391304347826087,0.478260869565217,0.0869565217391304,0.956521739130435,0.956521739130435,0.260869565217391,0.782608695652174,0.173913043478261,0.608695652173913,NA,0.91304347826087,0.217391304347826,0.608695652173913,1,0.217391304347826,1,0.478260869565217,0.347826086956522,0.173913043478261,1,0.347826086956522,0.826086956521739,0.521739130434783,0.217391304347826,0.695652173913043,0.391304347826087,0.695652173913043,0.695652173913043,0.826086956521739,0.652173913043478,0.130434782608696,0.956521739130435,0.434782608695652,0.0434782608695652,0.347826086956522,0.173913043478261,0.565217391304348,0.565217391304348,0.565217391304348,0.869565217391304,0.391304347826087,0.521739130434783,0.695652173913043,0.478260869565217,0.869565217391304,0.260869565217391,0.739130434782609,0.347826086956522,0.652173913043478,0.304347826086957,0.739130434782609,0.695652173913043,0.565217391304348,0.826086956521739,0.608695652173913,0.565217391304348,0.956521739130435,1,1,0.608695652173913
"119",11,2013,0.0952380952380952,0.0476190476190476,0.0476190476190476,0.142857142857143,0.380952380952381,0.523809523809524,0.19047619047619,0.857142857142857,0.952380952380952,0.285714285714286,0.904761904761905,0.333333333333333,0.571428571428571,NA,0.952380952380952,0.238095238095238,0.666666666666667,0.952380952380952,0.142857142857143,1,0.571428571428571,0.380952380952381,0.285714285714286,1,0.380952380952381,0.666666666666667,0.476190476190476,0.666666666666667,0.619047619047619,0.0476190476190476,0.476190476190476,0.523809523809524,0.761904761904762,0.380952380952381,0.285714285714286,0.80952380952381,0.238095238095238,0.142857142857143,0.619047619047619,0.238095238095238,0.476190476190476,0.714285714285714,0.714285714285714,0.952380952380952,0.619047619047619,0.571428571428571,0.80952380952381,0.666666666666667,0.904761904761905,0.19047619047619,0.714285714285714,0.19047619047619,0.19047619047619,0.428571428571429,0.476190476190476,0.714285714285714,0.380952380952381,0.714285714285714,0.904761904761905,0.571428571428571,0.952380952380952,1,1,0.285714285714286
"120",12,2013,0.227272727272727,0.227272727272727,0.227272727272727,0.318181818181818,0.590909090909091,0.727272727272727,0.272727272727273,0.863636363636364,1,0.409090909090909,0.909090909090909,0.318181818181818,0.954545454545455,NA,1,0.318181818181818,0.409090909090909,0.909090909090909,0.318181818181818,1,0.545454545454545,0.863636363636364,0.318181818181818,1,0.590909090909091,0.636363636363636,0.681818181818182,0.363636363636364,0.636363636363636,0.454545454545455,0.5,0.636363636363636,0.863636363636364,0.590909090909091,0.318181818181818,0.818181818181818,0.363636363636364,0.227272727272727,0.590909090909091,0.409090909090909,0.590909090909091,0.772727272727273,0.818181818181818,0.909090909090909,0.681818181818182,0.545454545454545,0.772727272727273,0.363636363636364,0.909090909090909,0.272727272727273,0.727272727272727,0.272727272727273,0.5,0.545454545454545,0.636363636363636,0.818181818181818,0.5,0.818181818181818,0.863636363636364,0.681818181818182,0.863636363636364,1,1,0.590909090909091
"121",1,2014,0.0434782608695652,0.0434782608695652,0.0434782608695652,0.217391304347826,0.347826086956522,0.695652173913043,0.130434782608696,0.956521739130435,0.869565217391304,0.0869565217391304,0.956521739130435,0.0869565217391304,0.826086956521739,NA,0.869565217391304,0.173913043478261,0.521739130434783,1,0.0434782608695652,1,0.695652173913043,0.782608695652174,0.304347826086957,1,0.217391304347826,0.91304347826087,0.478260869565217,0.565217391304348,0.739130434782609,0.217391304347826,0.608695652173913,0.608695652173913,0.826086956521739,0.347826086956522,0.0869565217391304,1,0.304347826086957,0.173913043478261,0.434782608695652,0.217391304347826,0.391304347826087,0.478260869565217,0.739130434782609,0.956521739130435,0.304347826086957,0.391304347826087,0.782608695652174,0.478260869565217,0.826086956521739,0.0434782608695652,0.608695652173913,0.217391304347826,0.478260869565217,0.347826086956522,0.739130434782609,0.434782608695652,0.434782608695652,0.521739130434783,0.826086956521739,0.478260869565217,0.826086956521739,1,1,0.608695652173913
"122",2,2014,0.05,0,0,0.15,0.45,0.35,0.1,0.9,1,0,0.8,0.2,0.8,NA,0.6,0.15,0.25,1,0.05,1,0.2,0.9,0.35,1,0.5,0.75,0.5,0.4,0.9,0.15,0.65,0.65,0.95,0.7,0.05,0.85,0.35,0.05,0.55,0.15,0.55,0.85,0.9,0.95,0.4,0.4,0.95,0.5,0.85,0.05,0.55,0.4,0.65,0.25,0.85,0.85,0.55,0.7,0.85,0.7,0.8,1,1,0.35
"123",3,2014,0.0476190476190476,0,0,0.0952380952380952,0.142857142857143,0.523809523809524,0.0952380952380952,1,0.952380952380952,0.142857142857143,0.666666666666667,0.19047619047619,0.571428571428571,NA,0.666666666666667,0.142857142857143,0.142857142857143,1,0,1,0.571428571428571,0.904761904761905,0.0476190476190476,1,0.523809523809524,0.761904761904762,0.904761904761905,0.80952380952381,0.904761904761905,0.0476190476190476,0.666666666666667,0.666666666666667,0.80952380952381,0.619047619047619,0.0952380952380952,0.952380952380952,0.238095238095238,0.0476190476190476,0.571428571428571,0.238095238095238,0.428571428571429,0.571428571428571,0.904761904761905,0.952380952380952,0.523809523809524,0.428571428571429,0.904761904761905,0.428571428571429,0.857142857142857,0.0952380952380952,0.380952380952381,0.0952380952380952,0.333333333333333,0.619047619047619,0.857142857142857,0.714285714285714,0.714285714285714,0.428571428571429,0.857142857142857,0.666666666666667,0.952380952380952,1,1,0.333333333333333
"124",4,2014,0.136363636363636,0.136363636363636,0.0909090909090909,0.0909090909090909,0.181818181818182,0.681818181818182,0.227272727272727,1,0.772727272727273,0.136363636363636,0.545454545454545,0.136363636363636,0.681818181818182,NA,0.818181818181818,0.272727272727273,0.181818181818182,1,0.0909090909090909,1,0.681818181818182,0.772727272727273,0.318181818181818,1,0.681818181818182,0.909090909090909,0.818181818181818,0.636363636363636,0.772727272727273,0.227272727272727,0.727272727272727,0.454545454545455,0.727272727272727,0.636363636363636,0.0909090909090909,0.863636363636364,0.363636363636364,0.136363636363636,0.545454545454545,0.590909090909091,0.727272727272727,0.863636363636364,0.681818181818182,0.909090909090909,0.454545454545455,0.318181818181818,1,0.454545454545455,0.818181818181818,0.0909090909090909,0.363636363636364,0.409090909090909,0.272727272727273,0.363636363636364,0.954545454545455,0.954545454545455,0.545454545454545,0.5,0.909090909090909,0.727272727272727,0.863636363636364,1,1,0.454545454545455
"125",5,2014,0.136363636363636,0.0909090909090909,0.136363636363636,0.272727272727273,0.5,0.636363636363636,0.181818181818182,1,0.909090909090909,0.136363636363636,0.772727272727273,0.181818181818182,0.772727272727273,NA,0.954545454545455,0.181818181818182,0.318181818181818,1,0.227272727272727,1,0.727272727272727,0.681818181818182,0.363636363636364,1,0.590909090909091,0.772727272727273,0.909090909090909,0.727272727272727,0.636363636363636,0.318181818181818,0.454545454545455,0.545454545454545,0.863636363636364,0.727272727272727,0.272727272727273,0.909090909090909,0.318181818181818,0.181818181818182,0.318181818181818,0.272727272727273,0.818181818181818,0.909090909090909,0.818181818181818,0.909090909090909,0.681818181818182,0.5,0.954545454545455,0.454545454545455,0.818181818181818,0.0909090909090909,0.5,0.363636363636364,0.318181818181818,0.727272727272727,0.772727272727273,0.954545454545455,0.636363636363636,0.318181818181818,0.863636363636364,0.590909090909091,1,1,1,0.409090909090909
"126",6,2014,0.0952380952380952,0.0476190476190476,0.0476190476190476,0.0476190476190476,0.571428571428571,0.80952380952381,0.285714285714286,0.952380952380952,0.80952380952381,0.142857142857143,0.80952380952381,0.142857142857143,0.666666666666667,NA,0.952380952380952,0.0952380952380952,0.523809523809524,1,0.0476190476190476,1,0.619047619047619,0.904761904761905,0.380952380952381,1,0.619047619047619,0.952380952380952,0.761904761904762,0.714285714285714,0.761904761904762,0.333333333333333,0.571428571428571,0.523809523809524,0.952380952380952,0.571428571428571,0.285714285714286,0.904761904761905,0.333333333333333,0.0476190476190476,0.380952380952381,0.142857142857143,0.285714285714286,0.952380952380952,0.857142857142857,0.857142857142857,0.619047619047619,0.333333333333333,0.80952380952381,0.523809523809524,0.714285714285714,0.0476190476190476,0.238095238095238,0.142857142857143,0.19047619047619,0.523809523809524,0.80952380952381,0.904761904761905,0.714285714285714,0.476190476190476,0.904761904761905,0.476190476190476,0.904761904761905,1,1,0.523809523809524
"127",7,2014,0.0434782608695652,0,0.0869565217391304,0.304347826086957,0.347826086956522,0.826086956521739,0.217391304347826,1,0.869565217391304,0.130434782608696,0.869565217391304,0.173913043478261,0.782608695652174,NA,0.956521739130435,0.217391304347826,0.304347826086957,1,0,1,0.869565217391304,0.826086956521739,0.434782608695652,1,0.478260869565217,0.739130434782609,0.695652173913043,0.565217391304348,0.652173913043478,0.304347826086957,0.608695652173913,0.652173913043478,0.521739130434783,0.565217391304348,0.0869565217391304,0.91304347826087,0.434782608695652,0.0434782608695652,0.478260869565217,0.0869565217391304,0.478260869565217,0.869565217391304,0.956521739130435,1,0.478260869565217,0.347826086956522,0.956521739130435,0.130434782608696,0.652173913043478,0.0434782608695652,0.217391304347826,0.217391304347826,0.173913043478261,0.434782608695652,0.521739130434783,0.956521739130435,0.739130434782609,0.304347826086957,0.869565217391304,0.521739130434783,0.826086956521739,1,1,0.478260869565217
"128",8,2014,0.0952380952380952,0.0476190476190476,0.0476190476190476,0.142857142857143,0.571428571428571,0.80952380952381,0.333333333333333,0.952380952380952,0.761904761904762,0.285714285714286,0.952380952380952,0.19047619047619,0.714285714285714,NA,0.952380952380952,0.333333333333333,0.19047619047619,1,0.0476190476190476,1,0.857142857142857,0.714285714285714,0.285714285714286,1,0.80952380952381,0.857142857142857,0.80952380952381,0.80952380952381,0.571428571428571,0.333333333333333,0.761904761904762,0.523809523809524,0.952380952380952,0.619047619047619,0.19047619047619,0.80952380952381,0.142857142857143,0.0952380952380952,0.380952380952381,0.285714285714286,0.333333333333333,0.952380952380952,0.857142857142857,0.80952380952381,0.619047619047619,0.857142857142857,1,0.333333333333333,1,0.0476190476190476,0.19047619047619,0.142857142857143,0.19047619047619,0.571428571428571,0.80952380952381,0.857142857142857,0.857142857142857,0.476190476190476,0.857142857142857,0.523809523809524,0.952380952380952,1,1,0.476190476190476
"129",9,2014,0.0454545454545455,0.0454545454545455,0.0454545454545455,0.227272727272727,0.363636363636364,0.681818181818182,0.136363636363636,0.954545454545455,0.818181818181818,0.409090909090909,0.636363636363636,0.272727272727273,0.727272727272727,NA,1,0.136363636363636,0.5,1,0.0454545454545455,1,0.727272727272727,0.909090909090909,0.181818181818182,1,0.454545454545455,1,0.818181818181818,0.636363636363636,0.863636363636364,0.272727272727273,0.636363636363636,0.409090909090909,0.954545454545455,0.272727272727273,0.136363636363636,0.863636363636364,0.136363636363636,0.0909090909090909,0.227272727272727,0.181818181818182,0.409090909090909,0.863636363636364,0.772727272727273,0.909090909090909,0.545454545454545,0.590909090909091,0.863636363636364,0.363636363636364,0.954545454545455,0.181818181818182,0.272727272727273,0.0454545454545455,0.227272727272727,0.772727272727273,0.636363636363636,0.954545454545455,0.818181818181818,0.681818181818182,0.772727272727273,0.454545454545455,0.863636363636364,1,1,0.409090909090909
"130",10,2014,0.0869565217391304,0.130434782608696,0.0869565217391304,0.0869565217391304,0.565217391304348,0.608695652173913,0.217391304347826,1,0.91304347826087,0.217391304347826,0.695652173913043,0.391304347826087,0.91304347826087,NA,1,0.347826086956522,0.608695652173913,0.521739130434783,0.173913043478261,1,0.739130434782609,0.869565217391304,0.391304347826087,1,0.739130434782609,0.739130434782609,0.869565217391304,0.91304347826087,0.739130434782609,0.391304347826087,0.869565217391304,0.478260869565217,0.956521739130435,0.217391304347826,0.0869565217391304,0.91304347826087,0.347826086956522,0.173913043478261,0.826086956521739,0.391304347826087,0.304347826086957,0.217391304347826,0.782608695652174,0.869565217391304,0.173913043478261,0.478260869565217,0.826086956521739,0.217391304347826,0.565217391304348,0.0869565217391304,0.130434782608696,0.173913043478261,0.217391304347826,0.304347826086957,0.217391304347826,0.91304347826087,0.782608695652174,0.260869565217391,0.652173913043478,0.130434782608696,0.782608695652174,1,1,0.695652173913043
"131",11,2014,0,0,0,0.1,0.45,0.5,0,0.95,0.8,0.15,0.75,0.2,0.95,NA,1,0.3,0.35,0.85,0.05,1,0.75,0.85,0.35,1,0.2,0.9,0.7,0.8,0.7,0.2,0.45,0.5,1,0.1,0.15,1,0.45,0.1,0.6,0.25,0.2,0.25,0.7,0.7,0.1,0.45,0.6,0,0.45,0,0.05,0,0.1,0.1,0.4,0.95,0.65,0.2,0.75,0.2,0.8,1,1,0.75
"132",12,2014,0.217391304347826,0.217391304347826,0.173913043478261,0.260869565217391,0.434782608695652,0.956521739130435,0.304347826086957,0.956521739130435,0.91304347826087,0.260869565217391,0.869565217391304,0.173913043478261,0.826086956521739,NA,1,0.260869565217391,0.478260869565217,0.652173913043478,0.347826086956522,1,0.782608695652174,0.826086956521739,0.304347826086957,1,0.391304347826087,0.91304347826087,0.695652173913043,0.739130434782609,0.608695652173913,0.434782608695652,0.739130434782609,0.478260869565217,0.956521739130435,0.217391304347826,0.434782608695652,0.91304347826087,0.260869565217391,0.304347826086957,0.434782608695652,0.391304347826087,0.391304347826087,0.304347826086957,0.91304347826087,0.91304347826087,0.434782608695652,0.478260869565217,0.695652173913043,0.260869565217391,0.608695652173913,0.217391304347826,0.217391304347826,0.260869565217391,0.434782608695652,0.521739130434783,0.434782608695652,0.91304347826087,0.869565217391304,0.478260869565217,1,0.608695652173913,0.695652173913043,1,1,0.826086956521739
