"","Group.1","Group.2","ENERGIJOS.SKIRSTYMO.OPERATORIUS","TELIA.LIETUVA","AGROWILL.GROUP","AMBER.GRID.AB","APRANGA","GRIGISKES","GUBERNIJA","INVALDA","INVL.BALTIC.FARM","INVL.TECHNOLOGY","K2.LT.AB","KAUNO.ENERGIJA","KLAIPEDOS.NAFTA","LIETUVOS.ENERGIJA","LINAS","LINAS.AGRO.GROUP","LITGRID","PANEVEZIO.STATYBOS.TTAS.","PIENO.ZVAIGZDES","ROKISKIO.SURIS","SIAULIU.BANKAS","SNAIGE","UTENOS.TRIKOTAZAS","VILKYSKIU.PIENINE","VILNIAUS.BALDU.KOMBINATA","VILNIAUS.DEGTINE","ZEMATIJOS.PIENAS"
"1",4,2003,1,0.6,1,1,1,0.4,1,0.4,1,1,1,1,1,1,0.4,1,1,1,1,1,1,0.4,0.8,1,0.8,0.4,0.8
"2",5,2003,NA,0.636363636363636,NA,NA,0.681818181818182,0.363636363636364,1,0.409090909090909,NA,NA,NA,1,0.318181818181818,NA,0.681818181818182,NA,NA,1,0.909090909090909,0.5,0.954545454545455,0.409090909090909,0.272727272727273,NA,0.227272727272727,0.545454545454545,0.545454545454545
"3",6,2003,NA,0.619047619047619,NA,NA,0.619047619047619,0.476190476190476,1,0.476190476190476,NA,NA,NA,1,0.714285714285714,NA,0.714285714285714,NA,NA,1,0.714285714285714,0.571428571428571,0.904761904761905,0.476190476190476,0.666666666666667,NA,0.380952380952381,0.761904761904762,0.761904761904762
"4",7,2003,NA,0.652173913043478,NA,NA,0.782608695652174,0.608695652173913,1,0.217391304347826,NA,NA,NA,1,0.695652173913043,NA,0.739130434782609,NA,NA,1,0.652173913043478,0.521739130434783,0.869565217391304,0.434782608695652,0.565217391304348,NA,0.217391304347826,1,0.739130434782609
"5",8,2003,NA,0.333333333333333,NA,NA,0.80952380952381,0.714285714285714,1,0.285714285714286,NA,NA,NA,0.952380952380952,0.428571428571429,NA,0.619047619047619,NA,NA,0.523809523809524,0.571428571428571,0.333333333333333,0.714285714285714,0.238095238095238,0.380952380952381,NA,0.333333333333333,0.952380952380952,0.761904761904762
"6",9,2003,NA,0.318181818181818,NA,NA,0.590909090909091,0.272727272727273,1,0.272727272727273,NA,NA,NA,1,0.590909090909091,NA,0.681818181818182,NA,NA,0.590909090909091,0.318181818181818,0.409090909090909,0.727272727272727,0.363636363636364,0.772727272727273,NA,0.318181818181818,0.772727272727273,0.5
"7",10,2003,NA,0.478260869565217,NA,NA,0.782608695652174,0.391304347826087,1,0.391304347826087,NA,NA,NA,1,0.565217391304348,NA,0.695652173913043,NA,NA,0.652173913043478,0.695652173913043,0.434782608695652,0.91304347826087,0.304347826086957,0.826086956521739,NA,0.217391304347826,0.91304347826087,0.739130434782609
"8",11,2003,NA,0.8,NA,NA,0.65,0.65,1,0.5,NA,NA,NA,1,0.5,NA,0.7,NA,NA,0.9,0.4,0.45,0.8,0.5,0.7,NA,0.35,0.85,0.5
"9",12,2003,NA,0.652173913043478,NA,NA,0.869565217391304,0.478260869565217,1,0.434782608695652,NA,NA,NA,1,0.739130434782609,NA,0.739130434782609,NA,NA,0.956521739130435,0.478260869565217,0.391304347826087,0.695652173913043,0.304347826086957,0.608695652173913,NA,0.347826086956522,0.91304347826087,0.521739130434783
"10",1,2004,NA,0.545454545454545,NA,NA,0.636363636363636,0.409090909090909,1,0.318181818181818,NA,NA,NA,1,0.318181818181818,NA,0.590909090909091,NA,NA,0.727272727272727,0.318181818181818,0.363636363636364,0.818181818181818,0.272727272727273,0.5,NA,0.136363636363636,0.954545454545455,0.590909090909091
"11",2,2004,NA,0.5,NA,NA,0.8,0.7,1,0.35,NA,NA,NA,1,0.75,NA,0.5,NA,NA,0.8,0.4,0.25,0.95,0.25,0.7,NA,0.35,1,0.25
"12",3,2004,NA,0.521739130434783,NA,NA,0.869565217391304,0.434782608695652,1,0.217391304347826,NA,NA,NA,1,0.652173913043478,NA,0.826086956521739,NA,NA,0.695652173913043,0.304347826086957,0.347826086956522,0.608695652173913,0.304347826086957,0.391304347826087,NA,0.304347826086957,0.91304347826087,0.478260869565217
"13",4,2004,NA,0.5,NA,NA,0.454545454545455,0.318181818181818,1,0.409090909090909,NA,NA,NA,1,0.5,NA,0.681818181818182,NA,NA,0.863636363636364,0.545454545454545,0.454545454545455,0.727272727272727,0.181818181818182,0.272727272727273,NA,0.5,1,0.363636363636364
"14",5,2004,NA,0.428571428571429,NA,NA,0.428571428571429,0.476190476190476,1,0.285714285714286,NA,NA,NA,1,0.523809523809524,NA,0.619047619047619,NA,NA,0.857142857142857,0.476190476190476,0.428571428571429,0.80952380952381,0.476190476190476,0.571428571428571,NA,0.333333333333333,0.952380952380952,0.571428571428571
"15",6,2004,NA,0.409090909090909,NA,NA,0.409090909090909,0.363636363636364,1,0.5,NA,NA,NA,1,0.727272727272727,NA,0.863636363636364,NA,NA,0.818181818181818,0.318181818181818,0.363636363636364,0.590909090909091,0.409090909090909,0.5,NA,0.454545454545455,1,0.545454545454545
"16",7,2004,NA,0.545454545454545,NA,NA,0.681818181818182,0.636363636363636,1,0.818181818181818,NA,NA,NA,1,0.863636363636364,NA,0.909090909090909,NA,NA,0.863636363636364,0.409090909090909,0.454545454545455,0.818181818181818,0.5,0.363636363636364,NA,0.772727272727273,0.909090909090909,0.636363636363636
"17",8,2004,NA,0.681818181818182,NA,NA,0.818181818181818,0.545454545454545,1,0.318181818181818,NA,NA,NA,1,0.727272727272727,NA,0.818181818181818,NA,NA,1,0.227272727272727,0.272727272727273,0.863636363636364,0.409090909090909,0.5,NA,0.545454545454545,1,0.681818181818182
"18",9,2004,NA,0.636363636363636,NA,NA,0.454545454545455,0.318181818181818,0.636363636363636,0.227272727272727,NA,NA,NA,1,0.909090909090909,NA,0.772727272727273,NA,NA,0.863636363636364,0.545454545454545,0.545454545454545,0.636363636363636,0.272727272727273,0.454545454545455,NA,0.136363636363636,0.954545454545455,0.5
"19",10,2004,NA,0.714285714285714,NA,NA,0.428571428571429,0.666666666666667,0.619047619047619,0.380952380952381,NA,NA,NA,0.952380952380952,0.619047619047619,NA,0.857142857142857,NA,NA,0.80952380952381,0.285714285714286,0.476190476190476,0.619047619047619,0.285714285714286,0.571428571428571,NA,0.428571428571429,0.904761904761905,0.80952380952381
"20",11,2004,NA,0.636363636363636,NA,NA,0.227272727272727,0.545454545454545,0.909090909090909,0.181818181818182,NA,NA,NA,1,0.772727272727273,NA,0.636363636363636,NA,NA,0.772727272727273,0.181818181818182,0.318181818181818,0.681818181818182,0.318181818181818,0.409090909090909,NA,0.363636363636364,0.818181818181818,0.454545454545455
"21",12,2004,NA,0.565217391304348,NA,NA,0.304347826086957,0.304347826086957,0.826086956521739,0.0869565217391304,NA,NA,NA,1,0.521739130434783,NA,0.478260869565217,NA,NA,0.739130434782609,0.391304347826087,0.217391304347826,0.869565217391304,0.0869565217391304,0.391304347826087,NA,0.217391304347826,0.565217391304348,0.652173913043478
"22",1,2005,NA,0.476190476190476,NA,NA,0.285714285714286,0.19047619047619,0.904761904761905,0.142857142857143,NA,NA,NA,0.952380952380952,0.666666666666667,NA,0.476190476190476,NA,NA,0.523809523809524,0.142857142857143,0.428571428571429,0.857142857142857,0.0476190476190476,0.523809523809524,NA,0.285714285714286,0.571428571428571,0.571428571428571
"23",2,2005,NA,0.65,NA,NA,0.2,0.3,0.95,0.1,NA,NA,NA,0.7,0.7,NA,0.25,NA,NA,0.15,0.45,0.45,0.55,0.25,0.5,NA,0.2,0.35,0.55
"24",3,2005,NA,0.565217391304348,NA,NA,0.347826086956522,0.434782608695652,0.608695652173913,0.304347826086957,NA,NA,NA,0.260869565217391,0.739130434782609,NA,0.652173913043478,NA,NA,0.260869565217391,0.652173913043478,0.608695652173913,0.608695652173913,0.260869565217391,0.173913043478261,NA,0.391304347826087,0.434782608695652,0.565217391304348
"25",4,2005,NA,0.571428571428571,NA,NA,0.476190476190476,0.523809523809524,0.619047619047619,0.142857142857143,NA,NA,NA,0.571428571428571,0.666666666666667,NA,0.666666666666667,NA,NA,0.571428571428571,0.285714285714286,0.428571428571429,0.857142857142857,0.238095238095238,0.238095238095238,NA,0.19047619047619,0.571428571428571,0.428571428571429
"26",5,2005,NA,0.5,NA,NA,0.454545454545455,0.636363636363636,0.636363636363636,0.227272727272727,NA,NA,NA,0.545454545454545,0.727272727272727,NA,0.681818181818182,NA,NA,0.727272727272727,0.409090909090909,0.318181818181818,0.681818181818182,0.272727272727273,0.727272727272727,NA,0.272727272727273,0.863636363636364,0.409090909090909
"27",6,2005,NA,0.772727272727273,NA,NA,0.772727272727273,0.545454545454545,0.636363636363636,0.227272727272727,NA,NA,NA,0.727272727272727,0.772727272727273,NA,0.681818181818182,NA,NA,0.272727272727273,0.727272727272727,0.363636363636364,0.636363636363636,0.272727272727273,0.590909090909091,NA,0.227272727272727,0.818181818181818,0.272727272727273
"28",7,2005,NA,0.523809523809524,NA,NA,0.571428571428571,0.619047619047619,0.285714285714286,0.333333333333333,NA,NA,NA,0.428571428571429,0.761904761904762,NA,0.952380952380952,NA,NA,0.285714285714286,0.666666666666667,0.619047619047619,0.619047619047619,0.428571428571429,0.714285714285714,NA,0.428571428571429,0.714285714285714,0.380952380952381
"29",8,2005,NA,0.565217391304348,NA,NA,0.347826086956522,0.521739130434783,0.260869565217391,0.217391304347826,NA,NA,NA,0.478260869565217,0.739130434782609,NA,0.826086956521739,NA,NA,0.130434782608696,0.695652173913043,0.608695652173913,0.521739130434783,0.347826086956522,0.478260869565217,NA,0.304347826086957,0.608695652173913,0.521739130434783
"30",9,2005,NA,0.363636363636364,NA,NA,0.181818181818182,0.363636363636364,0.545454545454545,0.227272727272727,NA,NA,NA,0.5,0.681818181818182,NA,0.318181818181818,NA,NA,0.363636363636364,0.681818181818182,0.409090909090909,0.5,0.0909090909090909,0.363636363636364,NA,0.0454545454545455,0.863636363636364,0.409090909090909
"31",10,2005,NA,0.380952380952381,NA,NA,0.19047619047619,0.619047619047619,0.619047619047619,0.0952380952380952,NA,NA,NA,0.619047619047619,0.857142857142857,NA,0.428571428571429,NA,NA,0.428571428571429,0.619047619047619,0.571428571428571,0.523809523809524,0.333333333333333,0.380952380952381,NA,0.476190476190476,0.714285714285714,0.285714285714286
"32",11,2005,NA,0.590909090909091,NA,NA,0.545454545454545,0.772727272727273,0.727272727272727,0.227272727272727,NA,NA,NA,0.681818181818182,0.727272727272727,NA,0.318181818181818,NA,NA,0.318181818181818,0.590909090909091,0.227272727272727,0.545454545454545,0.409090909090909,0.590909090909091,NA,0.636363636363636,0.863636363636364,0.590909090909091
"33",12,2005,NA,0.772727272727273,NA,NA,0.590909090909091,0.681818181818182,0.363636363636364,0.136363636363636,NA,NA,NA,0.772727272727273,0.909090909090909,NA,0.5,NA,NA,0.363636363636364,0.5,0.590909090909091,0.681818181818182,0.454545454545455,0.409090909090909,NA,0.545454545454545,1,0.545454545454545
"34",1,2006,NA,0.545454545454545,NA,NA,0.227272727272727,0.5,0.590909090909091,0.0454545454545455,NA,NA,NA,0.681818181818182,0.772727272727273,NA,0.636363636363636,NA,NA,0.227272727272727,0.545454545454545,0.636363636363636,0.636363636363636,0.5,0.636363636363636,NA,0.681818181818182,0.681818181818182,0.727272727272727
"35",2,2006,NA,0.4,NA,NA,0.15,0.4,0.8,0.15,NA,NA,NA,0.6,0.75,NA,0.65,NA,NA,0.5,0.4,0.5,0.5,0.4,0.55,NA,0.6,0.7,0.65
"36",3,2006,NA,0.478260869565217,NA,NA,0.217391304347826,0.478260869565217,0.91304347826087,0.260869565217391,NA,NA,NA,0.782608695652174,0.695652173913043,NA,0.608695652173913,NA,NA,0.173913043478261,0.434782608695652,0.565217391304348,0.869565217391304,0.521739130434783,0.478260869565217,NA,0.434782608695652,0.739130434782609,0.565217391304348
"37",4,2006,NA,0.4,NA,NA,0.4,0.45,0.75,0.35,NA,NA,NA,0.85,0.95,NA,0.7,NA,NA,0.35,0.55,0.65,0.6,0.5,0.75,NA,0.5,0.85,0.55
"38",5,2006,NA,0.391304347826087,NA,NA,0.478260869565217,0.434782608695652,0.956521739130435,0.173913043478261,NA,NA,NA,0.869565217391304,0.652173913043478,NA,0.478260869565217,NA,NA,0.304347826086957,0.521739130434783,0.521739130434783,0.652173913043478,0.478260869565217,0.478260869565217,0.7,0.565217391304348,0.739130434782609,0.782608695652174
"39",6,2006,NA,0.545454545454545,NA,NA,0.363636363636364,0.5,0.772727272727273,0.272727272727273,NA,NA,NA,0.909090909090909,0.5,NA,0.681818181818182,NA,NA,0.227272727272727,0.681818181818182,0.545454545454545,0.454545454545455,0.454545454545455,0.863636363636364,0.772727272727273,0.409090909090909,0.818181818181818,0.727272727272727
"40",7,2006,NA,0.571428571428571,NA,NA,0.142857142857143,0.380952380952381,0.761904761904762,0.238095238095238,NA,NA,NA,0.952380952380952,0.80952380952381,NA,0.523809523809524,NA,NA,0.142857142857143,0.952380952380952,0.571428571428571,0.857142857142857,0.333333333333333,0.666666666666667,0.904761904761905,0.619047619047619,0.761904761904762,0.761904761904762
"41",8,2006,NA,0.434782608695652,NA,NA,0.391304347826087,0.521739130434783,0.695652173913043,0.217391304347826,NA,NA,NA,0.739130434782609,0.652173913043478,NA,0.652173913043478,NA,NA,0.565217391304348,0.608695652173913,0.565217391304348,0.608695652173913,0.521739130434783,0.695652173913043,0.826086956521739,0.782608695652174,0.521739130434783,0.608695652173913
"42",9,2006,NA,0.380952380952381,NA,NA,0.142857142857143,0.523809523809524,0.857142857142857,0.142857142857143,NA,NA,NA,0.476190476190476,0.857142857142857,NA,0.857142857142857,NA,NA,0.142857142857143,0.523809523809524,0.476190476190476,0.714285714285714,0.285714285714286,0.571428571428571,0.666666666666667,0.619047619047619,0.761904761904762,0.666666666666667
"43",10,2006,NA,0.5,NA,NA,0.318181818181818,0.636363636363636,0.545454545454545,0.272727272727273,NA,NA,NA,0.818181818181818,0.681818181818182,NA,0.954545454545455,NA,NA,0.0454545454545455,0.772727272727273,0.363636363636364,0.772727272727273,0.363636363636364,0.545454545454545,0.818181818181818,0.681818181818182,0.545454545454545,0.727272727272727
"44",11,2006,NA,0.454545454545455,NA,NA,0.136363636363636,0.363636363636364,0.636363636363636,0.0909090909090909,NA,NA,NA,0.5,0.681818181818182,NA,0.909090909090909,NA,NA,0.272727272727273,0.454545454545455,0.590909090909091,0.590909090909091,0.227272727272727,0.545454545454545,0.727272727272727,0.818181818181818,0.5,0.636363636363636
"45",12,2006,NA,0.380952380952381,NA,NA,0.238095238095238,0.428571428571429,0.714285714285714,0.19047619047619,NA,NA,NA,0.571428571428571,0.80952380952381,NA,1,NA,NA,0.285714285714286,0.333333333333333,0.380952380952381,0.619047619047619,0.285714285714286,0.523809523809524,0.904761904761905,0.619047619047619,0.523809523809524,0.285714285714286
"46",1,2007,NA,0.521739130434783,NA,NA,0.0869565217391304,0.478260869565217,0.521739130434783,0.130434782608696,NA,NA,NA,0.391304347826087,0.782608695652174,NA,1,NA,NA,0.130434782608696,0.260869565217391,0.478260869565217,0.347826086956522,0.304347826086957,0.391304347826087,0.782608695652174,0.130434782608696,0.521739130434783,0.391304347826087
"47",2,2007,NA,0.3,NA,NA,0.05,0.6,0.7,0.15,NA,NA,NA,0.7,0.9,NA,0.8,NA,NA,0.15,0.5,0.15,0.7,0.35,0.55,0.55,0.6,0.45,0.5
"48",3,2007,NA,0.181818181818182,NA,NA,0.136363636363636,0.5,0.636363636363636,0.272727272727273,NA,NA,NA,0.863636363636364,0.590909090909091,NA,0.636363636363636,NA,NA,0.136363636363636,0.5,0.409090909090909,0.545454545454545,0.545454545454545,0.818181818181818,0.727272727272727,0.818181818181818,0.636363636363636,0.636363636363636
"49",4,2007,NA,0.571428571428571,NA,NA,0.333333333333333,0.523809523809524,0.428571428571429,0.333333333333333,NA,NA,NA,1,0.761904761904762,NA,0.904761904761905,NA,NA,0.428571428571429,0.666666666666667,0.523809523809524,0.761904761904762,0.619047619047619,0.666666666666667,0.761904761904762,0.619047619047619,0.571428571428571,0.523809523809524
"50",5,2007,NA,0.565217391304348,NA,NA,0.347826086956522,0.478260869565217,0.478260869565217,0.304347826086957,NA,NA,NA,0.956521739130435,0.782608695652174,NA,0.91304347826087,NA,NA,0.304347826086957,0.434782608695652,0.304347826086957,0.695652173913043,0.608695652173913,0.739130434782609,0.739130434782609,0.869565217391304,0.695652173913043,0.652173913043478
"51",6,2007,NA,0.619047619047619,NA,NA,0.142857142857143,0.428571428571429,0.523809523809524,0.142857142857143,NA,NA,NA,0.904761904761905,0.80952380952381,NA,0.333333333333333,NA,NA,0.238095238095238,0.380952380952381,0.571428571428571,0.523809523809524,0.428571428571429,0.666666666666667,0.714285714285714,0.714285714285714,0.666666666666667,0.761904761904762
"52",7,2007,NA,0.272727272727273,NA,NA,0.181818181818182,0.545454545454545,0.590909090909091,0.0909090909090909,NA,NA,NA,0.727272727272727,0.636363636363636,NA,0.818181818181818,NA,NA,0.0909090909090909,0.545454545454545,0.363636363636364,0.545454545454545,0.363636363636364,0.636363636363636,0.727272727272727,0.5,0.454545454545455,0.545454545454545
"53",8,2007,NA,0.521739130434783,NA,NA,0.260869565217391,0.652173913043478,0.565217391304348,0.0434782608695652,NA,NA,NA,0.695652173913043,0.826086956521739,NA,0.91304347826087,NA,NA,0.217391304347826,0.173913043478261,0.521739130434783,0.739130434782609,0.565217391304348,0.826086956521739,0.739130434782609,0.608695652173913,0.565217391304348,0.173913043478261
"54",9,2007,NA,0.6,NA,NA,0,0.6,0.65,0.15,NA,NA,NA,0.65,0.65,NA,1,NA,NA,0.1,0.2,0.4,0.9,0.55,0.95,0.4,0.65,1,0.3
"55",10,2007,NA,0.565217391304348,NA,NA,0.260869565217391,0.434782608695652,0.478260869565217,0.0869565217391304,NA,NA,NA,0.565217391304348,0.91304347826087,NA,1,NA,NA,0.130434782608696,0.260869565217391,0.391304347826087,0.695652173913043,0.260869565217391,0.391304347826087,0.521739130434783,0.434782608695652,0.608695652173913,0.521739130434783
"56",11,2007,NA,0.5,NA,NA,0.136363636363636,0.636363636363636,0.545454545454545,0.181818181818182,NA,NA,NA,0.863636363636364,0.909090909090909,NA,0.681818181818182,NA,NA,0.272727272727273,0.363636363636364,0.5,0.636363636363636,0.545454545454545,0.681818181818182,0.363636363636364,0.409090909090909,0.590909090909091,0.5
"57",12,2007,NA,0.476190476190476,NA,NA,0.19047619047619,0.80952380952381,0.666666666666667,0.333333333333333,NA,NA,NA,0.857142857142857,0.666666666666667,NA,0.80952380952381,NA,NA,0.333333333333333,0.428571428571429,0.619047619047619,0.619047619047619,0.714285714285714,0.476190476190476,0.428571428571429,0.80952380952381,0.714285714285714,0.523809523809524
"58",1,2008,NA,0.521739130434783,NA,NA,0.0869565217391304,0.695652173913043,0.739130434782609,0.391304347826087,NA,NA,NA,0.608695652173913,0.652173913043478,NA,0.869565217391304,NA,NA,0.0869565217391304,0.434782608695652,0.173913043478261,0.652173913043478,0.608695652173913,0.478260869565217,0.304347826086957,0.695652173913043,0.739130434782609,0.434782608695652
"59",2,2008,NA,0.380952380952381,NA,NA,0.0476190476190476,0.714285714285714,0.619047619047619,0.142857142857143,NA,NA,NA,0.761904761904762,0.80952380952381,NA,1,NA,NA,0.0476190476190476,0.476190476190476,0.571428571428571,0.666666666666667,0.571428571428571,0.380952380952381,0.142857142857143,0.619047619047619,0.857142857142857,0.666666666666667
"60",3,2008,NA,0.523809523809524,NA,NA,0.285714285714286,0.523809523809524,0.761904761904762,0.380952380952381,NA,NA,NA,0.904761904761905,0.904761904761905,NA,1,NA,NA,0.333333333333333,0.571428571428571,0.476190476190476,0.761904761904762,0.476190476190476,0.476190476190476,0.428571428571429,0.666666666666667,0.80952380952381,0.904761904761905
"61",4,2008,NA,0.5,1,NA,0.181818181818182,0.727272727272727,1,0.227272727272727,NA,NA,NA,0.681818181818182,0.909090909090909,NA,0.636363636363636,NA,NA,0.0909090909090909,0.727272727272727,0.227272727272727,0.363636363636364,0.363636363636364,0.772727272727273,0.363636363636364,0.727272727272727,0.818181818181818,0.363636363636364
"62",5,2008,NA,0.5,0.636363636363636,NA,0.136363636363636,0.727272727272727,0.818181818181818,0.318181818181818,NA,NA,NA,0.772727272727273,0.818181818181818,NA,0.818181818181818,NA,NA,0.272727272727273,0.545454545454545,0.545454545454545,0.590909090909091,0.409090909090909,0.590909090909091,0.318181818181818,1,0.772727272727273,0.5
"63",6,2008,NA,0.523809523809524,0.428571428571429,NA,0.142857142857143,0.523809523809524,0.761904761904762,0.19047619047619,NA,NA,NA,0.857142857142857,0.666666666666667,NA,0.666666666666667,NA,NA,0.238095238095238,0.571428571428571,0.523809523809524,0.666666666666667,0.666666666666667,0.714285714285714,0.380952380952381,0.80952380952381,0.904761904761905,0.523809523809524
"64",7,2008,NA,0.608695652173913,0.304347826086957,NA,0.130434782608696,0.782608695652174,0.695652173913043,0.347826086956522,NA,NA,NA,0.91304347826087,0.826086956521739,NA,1,NA,NA,0.260869565217391,0.478260869565217,0.565217391304348,0.695652173913043,0.695652173913043,0.739130434782609,0.478260869565217,0.956521739130435,0.956521739130435,0.608695652173913
"65",8,2008,NA,0.619047619047619,0.333333333333333,NA,0.0952380952380952,0.476190476190476,0.666666666666667,0.19047619047619,NA,NA,NA,0.904761904761905,0.761904761904762,NA,0.761904761904762,NA,NA,0.238095238095238,0.476190476190476,0.714285714285714,0.380952380952381,0.666666666666667,0.428571428571429,0.714285714285714,0.761904761904762,0.761904761904762,0.714285714285714
"66",9,2008,NA,0.409090909090909,0.272727272727273,NA,0.0454545454545455,0.590909090909091,0.818181818181818,0.0909090909090909,NA,NA,NA,0.863636363636364,0.681818181818182,NA,0.909090909090909,NA,NA,0.0454545454545455,0.409090909090909,0.454545454545455,0.590909090909091,0.454545454545455,0.863636363636364,0.181818181818182,0.818181818181818,0.636363636363636,0.636363636363636
"67",10,2008,NA,0.173913043478261,0.0434782608695652,NA,0,0.478260869565217,0.739130434782609,0.0434782608695652,NA,NA,NA,0.826086956521739,0.652173913043478,NA,0.695652173913043,NA,NA,0.0869565217391304,0.478260869565217,0.260869565217391,0.347826086956522,0.478260869565217,0.782608695652174,0.217391304347826,0.826086956521739,0.695652173913043,0.0869565217391304
"68",11,2008,NA,0.4,0.3,NA,0.1,0.4,0.65,0.15,NA,NA,NA,0.9,0.5,NA,0.8,NA,NA,0.25,0.7,0.35,0.7,0.95,0.9,0.35,1,0.95,0.35
"69",12,2008,NA,0.565217391304348,0.391304347826087,NA,0.478260869565217,0.652173913043478,0.869565217391304,0.347826086956522,NA,NA,NA,0.869565217391304,0.478260869565217,NA,1,NA,NA,0.521739130434783,0.391304347826087,0.608695652173913,0.695652173913043,0.565217391304348,0.956521739130435,0.565217391304348,0.956521739130435,0.91304347826087,0.608695652173913
"70",1,2009,NA,0.363636363636364,0.363636363636364,NA,0.272727272727273,0.5,0.727272727272727,0.5,NA,NA,NA,0.863636363636364,0.545454545454545,NA,1,NA,NA,0.227272727272727,0.545454545454545,0.363636363636364,0.636363636363636,0.727272727272727,0.454545454545455,0.545454545454545,0.863636363636364,0.909090909090909,0.5
"71",2,2009,NA,0.65,0.65,NA,0.35,0.85,0.9,0.3,NA,NA,NA,0.95,0.6,NA,1,NA,NA,0.3,0.45,0.7,0.9,0.85,0.8,0.55,1,0.95,0.55
"72",3,2009,NA,0.590909090909091,0.181818181818182,NA,0.227272727272727,0.772727272727273,0.727272727272727,0.363636363636364,NA,NA,NA,0.909090909090909,0.318181818181818,NA,0.909090909090909,NA,NA,0.454545454545455,0.590909090909091,0.681818181818182,0.772727272727273,0.636363636363636,0.909090909090909,0.727272727272727,0.818181818181818,0.909090909090909,0.727272727272727
"73",4,2009,NA,0.545454545454545,0.772727272727273,NA,0.454545454545455,0.772727272727273,0.681818181818182,0.409090909090909,NA,NA,NA,0.863636363636364,0.681818181818182,NA,0.772727272727273,NA,NA,0.454545454545455,0.545454545454545,0.590909090909091,0.818181818181818,0.954545454545455,0.727272727272727,0.545454545454545,1,0.818181818181818,0.681818181818182
"74",5,2009,NA,0.80952380952381,0.714285714285714,NA,0.428571428571429,0.761904761904762,1,0.380952380952381,NA,NA,NA,0.952380952380952,0.714285714285714,NA,0.761904761904762,NA,NA,0.238095238095238,0.666666666666667,0.619047619047619,0.714285714285714,0.571428571428571,0.904761904761905,0.523809523809524,0.904761904761905,0.714285714285714,0.80952380952381
"75",6,2009,NA,0.5,1,NA,0.272727272727273,0.909090909090909,1,0.363636363636364,NA,NA,NA,0.727272727272727,0.409090909090909,NA,1,NA,NA,0.318181818181818,0.318181818181818,0.454545454545455,0.772727272727273,0.363636363636364,0.545454545454545,0.363636363636364,0.818181818181818,0.636363636363636,0.409090909090909
"76",7,2009,NA,0.434782608695652,0.478260869565217,NA,0.391304347826087,0.565217391304348,1,0.434782608695652,NA,NA,NA,0.608695652173913,0.782608695652174,NA,1,NA,NA,0.391304347826087,0.652173913043478,0.782608695652174,0.652173913043478,0.478260869565217,0.739130434782609,0.608695652173913,0.565217391304348,0.652173913043478,0.782608695652174
"77",8,2009,NA,0.476190476190476,0.904761904761905,NA,0.0952380952380952,0.666666666666667,1,0.380952380952381,NA,NA,NA,0.476190476190476,0.428571428571429,NA,0.952380952380952,NA,NA,0.19047619047619,0.619047619047619,0.523809523809524,0.666666666666667,0.666666666666667,0.666666666666667,0.333333333333333,0.571428571428571,0.571428571428571,0.571428571428571
"78",9,2009,NA,0.545454545454545,0.454545454545455,NA,0.227272727272727,0.454545454545455,1,0.0454545454545455,NA,NA,NA,0.363636363636364,0.772727272727273,NA,0.636363636363636,NA,NA,0.0454545454545455,0.136363636363636,0.227272727272727,0.363636363636364,0.272727272727273,0.363636363636364,0.318181818181818,0.454545454545455,0.863636363636364,0.0909090909090909
"79",10,2009,NA,0.454545454545455,0.545454545454545,NA,0.181818181818182,0.590909090909091,0.772727272727273,0.181818181818182,NA,NA,NA,0.636363636363636,0.545454545454545,NA,0.545454545454545,NA,NA,0.136363636363636,0.5,0.363636363636364,0.545454545454545,0.363636363636364,0.818181818181818,0.5,0.5,0.909090909090909,0.227272727272727
"80",11,2009,NA,0.619047619047619,0.80952380952381,NA,0.0952380952380952,0.476190476190476,0.857142857142857,0.476190476190476,NA,NA,NA,1,0.619047619047619,NA,0.904761904761905,NA,NA,0.285714285714286,0.428571428571429,0.476190476190476,0.761904761904762,0.523809523809524,0.619047619047619,0.333333333333333,0.666666666666667,0.904761904761905,0.476190476190476
"81",12,2009,NA,0.652173913043478,0.652173913043478,NA,0.304347826086957,0.695652173913043,0.956521739130435,0.434782608695652,NA,NA,NA,0.869565217391304,0.869565217391304,NA,0.695652173913043,NA,NA,0.260869565217391,0.695652173913043,0.478260869565217,0.956521739130435,0.652173913043478,0.826086956521739,0.521739130434783,0.869565217391304,0.739130434782609,0.478260869565217
"82",1,2010,NA,0.380952380952381,0.571428571428571,NA,0.19047619047619,0.428571428571429,0.761904761904762,0.142857142857143,NA,NA,NA,0.571428571428571,0.571428571428571,NA,0.857142857142857,NA,NA,0.238095238095238,0.619047619047619,0.333333333333333,0.761904761904762,0.571428571428571,0.666666666666667,0.428571428571429,0.523809523809524,0.80952380952381,0.571428571428571
"83",2,2010,NA,0.5,0.6,NA,0.5,0.45,1,0.25,NA,NA,NA,0.8,0.5,NA,0.7,0.285714285714286,NA,0.25,0.35,0.35,0.6,0.55,0.75,0.3,0.45,0.75,0.5
"84",3,2010,NA,0.521739130434783,0.826086956521739,NA,0.304347826086957,0.608695652173913,0.91304347826087,0.217391304347826,NA,NA,NA,0.695652173913043,0.652173913043478,NA,0.782608695652174,0.565217391304348,NA,0.391304347826087,0.347826086956522,0.391304347826087,0.826086956521739,0.826086956521739,0.565217391304348,0.478260869565217,0.478260869565217,0.782608695652174,0.391304347826087
"85",4,2010,NA,0.681818181818182,0.818181818181818,NA,0.227272727272727,0.636363636363636,1,0.318181818181818,NA,NA,NA,0.772727272727273,0.818181818181818,NA,0.863636363636364,0.363636363636364,NA,0.409090909090909,0.454545454545455,0.454545454545455,0.727272727272727,0.590909090909091,0.727272727272727,0.409090909090909,0.636363636363636,0.954545454545455,0.363636363636364
"86",5,2010,NA,0.380952380952381,0.619047619047619,NA,0.238095238095238,0.714285714285714,0.952380952380952,0.238095238095238,NA,NA,NA,0.80952380952381,0.619047619047619,NA,0.904761904761905,0.428571428571429,NA,0.142857142857143,0.571428571428571,0.619047619047619,0.857142857142857,0.761904761904762,0.761904761904762,0.380952380952381,0.238095238095238,0.904761904761905,0.428571428571429
"87",6,2010,NA,0.636363636363636,0.681818181818182,NA,0.272727272727273,0.909090909090909,1,0.5,NA,NA,NA,0.818181818181818,0.863636363636364,NA,0.636363636363636,0.5,NA,0.227272727272727,0.409090909090909,0.545454545454545,0.909090909090909,0.772727272727273,0.909090909090909,0.545454545454545,0.454545454545455,0.818181818181818,0.590909090909091
"88",7,2010,NA,0.636363636363636,0.772727272727273,NA,0.227272727272727,0.590909090909091,0.909090909090909,0.409090909090909,NA,NA,NA,0.818181818181818,0.590909090909091,NA,0.818181818181818,0.727272727272727,NA,0.409090909090909,0.5,0.318181818181818,1,0.909090909090909,0.863636363636364,0.681818181818182,0.545454545454545,0.954545454545455,0.5
"89",8,2010,NA,0.727272727272727,0.272727272727273,NA,0.227272727272727,0.318181818181818,0.772727272727273,0.227272727272727,NA,NA,NA,0.863636363636364,0.454545454545455,NA,0.863636363636364,0.363636363636364,NA,0.0909090909090909,0.409090909090909,0.409090909090909,1,0.590909090909091,0.818181818181818,0.454545454545455,0.181818181818182,0.863636363636364,0.590909090909091
"90",9,2010,NA,0.636363636363636,0.318181818181818,NA,0.136363636363636,0.272727272727273,0.318181818181818,0.227272727272727,NA,NA,NA,0.818181818181818,0.318181818181818,NA,0.454545454545455,0.590909090909091,NA,0.0454545454545455,0.409090909090909,0.136363636363636,0.727272727272727,0.545454545454545,0.454545454545455,0.227272727272727,0.409090909090909,0.681818181818182,0.545454545454545
"91",10,2010,NA,0.666666666666667,0.666666666666667,NA,0.19047619047619,0.333333333333333,0.619047619047619,0.238095238095238,NA,NA,NA,0.761904761904762,0.523809523809524,NA,0.857142857142857,0.952380952380952,NA,0.19047619047619,0.476190476190476,0.333333333333333,0.714285714285714,0.523809523809524,0.19047619047619,0.285714285714286,0.238095238095238,0.619047619047619,0.476190476190476
"92",11,2010,NA,0.545454545454545,0.454545454545455,NA,0.136363636363636,0.409090909090909,0.818181818181818,0.0909090909090909,NA,NA,NA,0.681818181818182,0.5,NA,0.590909090909091,0.772727272727273,NA,0.0909090909090909,0.5,0.409090909090909,0.818181818181818,0.681818181818182,0.272727272727273,0.227272727272727,0.136363636363636,0.772727272727273,0.409090909090909
"93",12,2010,NA,0.739130434782609,0.434782608695652,NA,0.260869565217391,0.347826086956522,0.782608695652174,0.173913043478261,NA,NA,NA,0.869565217391304,0.652173913043478,NA,0.956521739130435,0.478260869565217,0.428571428571429,0.347826086956522,0.434782608695652,0.304347826086957,0.826086956521739,0.739130434782609,0.565217391304348,0.304347826086957,0.565217391304348,0.695652173913043,0.391304347826087
"94",1,2011,NA,0.714285714285714,0.619047619047619,NA,0.142857142857143,0.380952380952381,0.904761904761905,0.142857142857143,NA,NA,NA,0.761904761904762,0.571428571428571,NA,0.857142857142857,0.285714285714286,0.428571428571429,0.238095238095238,0.666666666666667,0.523809523809524,0.666666666666667,0.714285714285714,0.19047619047619,0.142857142857143,0.428571428571429,0.714285714285714,0.523809523809524
"95",2,2011,NA,0.8,0.8,NA,0.25,0.3,0.75,0.05,NA,NA,NA,0.95,0.8,NA,0.8,0.5,0.4,0.25,0.55,0.35,0.8,0.6,0.55,0.4,0.3,0.85,0.3
"96",3,2011,NA,0.652173913043478,0.739130434782609,NA,0.217391304347826,0.391304347826087,0.782608695652174,0.304347826086957,NA,NA,NA,0.869565217391304,0.478260869565217,NA,0.826086956521739,0.478260869565217,0.173913043478261,0.260869565217391,0.521739130434783,0.260869565217391,0.782608695652174,0.652173913043478,0.391304347826087,0.260869565217391,0.434782608695652,0.956521739130435,0.478260869565217
"97",4,2011,NA,0.666666666666667,0.714285714285714,NA,0.333333333333333,0.571428571428571,0.904761904761905,0.285714285714286,NA,NA,NA,0.904761904761905,0.714285714285714,NA,0.857142857142857,0.714285714285714,0.523809523809524,0.238095238095238,0.333333333333333,0.333333333333333,0.857142857142857,0.666666666666667,0.761904761904762,0.476190476190476,0.571428571428571,0.761904761904762,0.523809523809524
"98",5,2011,NA,0.545454545454545,0.909090909090909,NA,0.272727272727273,0.318181818181818,0.909090909090909,0.363636363636364,NA,NA,NA,0.954545454545455,0.318181818181818,NA,0.681818181818182,0.545454545454545,0.272727272727273,0.272727272727273,0.454545454545455,0.545454545454545,1,0.772727272727273,0.636363636363636,0.409090909090909,0.363636363636364,0.909090909090909,0.590909090909091
"99",6,2011,NA,0.454545454545455,0.545454545454545,NA,0.363636363636364,0.5,0.954545454545455,0.272727272727273,NA,NA,NA,0.818181818181818,0.5,NA,1,0.636363636363636,0.727272727272727,0.227272727272727,0.636363636363636,0.318181818181818,1,0.772727272727273,0.772727272727273,0.5,0.318181818181818,0.863636363636364,0.409090909090909
"100",7,2011,NA,0.666666666666667,0.761904761904762,NA,0.523809523809524,0.333333333333333,0.714285714285714,0.380952380952381,NA,NA,NA,0.80952380952381,0.523809523809524,NA,1,0.714285714285714,0.619047619047619,0.285714285714286,0.428571428571429,0.285714285714286,0.857142857142857,0.285714285714286,0.523809523809524,0.476190476190476,0.476190476190476,1,0.476190476190476
"101",8,2011,NA,0.391304347826087,0.608695652173913,NA,0.130434782608696,0.260869565217391,0.739130434782609,0.0869565217391304,NA,NA,NA,0.956521739130435,0.347826086956522,NA,0.739130434782609,0.347826086956522,0.521739130434783,0.0869565217391304,0.304347826086957,0.347826086956522,0.739130434782609,0.521739130434783,0.695652173913043,0.217391304347826,0.217391304347826,0.826086956521739,0.347826086956522
"102",9,2011,NA,0.818181818181818,0.545454545454545,NA,0.136363636363636,0.318181818181818,0.772727272727273,0,NA,NA,NA,0.954545454545455,0.454545454545455,0.238095238095238,0.863636363636364,0.454545454545455,0.363636363636364,0.0909090909090909,0.409090909090909,0.454545454545455,0.772727272727273,0.863636363636364,0.818181818181818,0.0454545454545455,0.227272727272727,0.909090909090909,0.454545454545455
"103",10,2011,NA,0.666666666666667,0.714285714285714,NA,0.380952380952381,0.476190476190476,0.952380952380952,0.142857142857143,NA,NA,NA,0.857142857142857,0.428571428571429,0.523809523809524,0.80952380952381,0.476190476190476,0.666666666666667,0.19047619047619,0.666666666666667,0.571428571428571,0.761904761904762,0.571428571428571,0.666666666666667,0.142857142857143,0.333333333333333,0.857142857142857,0.285714285714286
"104",11,2011,NA,0.818181818181818,0.681818181818182,NA,0.181818181818182,0.454545454545455,0.863636363636364,0.181818181818182,NA,NA,NA,1,0.818181818181818,0.363636363636364,0.863636363636364,0.363636363636364,0.590909090909091,0.181818181818182,0.545454545454545,0.5,0.727272727272727,0.590909090909091,0.636363636363636,0.409090909090909,0.5,0.954545454545455,0.454545454545455
"105",12,2011,NA,0.909090909090909,0.863636363636364,NA,0.545454545454545,0.590909090909091,0.954545454545455,0.227272727272727,NA,NA,NA,0.909090909090909,0.818181818181818,0.636363636363636,0.727272727272727,0.590909090909091,0.545454545454545,0.181818181818182,0.5,0.363636363636364,0.818181818181818,0.636363636363636,0.863636363636364,0.5,0.409090909090909,0.863636363636364,0.636363636363636
"106",1,2012,NA,0.772727272727273,0.863636363636364,NA,0.181818181818182,0.454545454545455,0.863636363636364,0.181818181818182,NA,NA,NA,0.909090909090909,0.636363636363636,0.590909090909091,0.863636363636364,0.5,0.5,0.136363636363636,0.5,0.454545454545455,0.909090909090909,0.772727272727273,0.727272727272727,0.272727272727273,0.5,0.863636363636364,0.363636363636364
"107",2,2012,NA,0.619047619047619,0.80952380952381,NA,0.285714285714286,0.523809523809524,0.904761904761905,0.333333333333333,NA,NA,NA,0.952380952380952,0.761904761904762,0.476190476190476,0.904761904761905,0.619047619047619,0.619047619047619,0.0952380952380952,0.619047619047619,0.523809523809524,0.857142857142857,0.80952380952381,0.857142857142857,0.380952380952381,0.571428571428571,0.857142857142857,0.571428571428571
"108",3,2012,NA,0.727272727272727,0.636363636363636,NA,0.272727272727273,0.409090909090909,0.909090909090909,0.0909090909090909,NA,NA,NA,0.818181818181818,0.636363636363636,0.681818181818182,0.772727272727273,0.818181818181818,0.681818181818182,0.363636363636364,0.545454545454545,0.590909090909091,0.909090909090909,0.863636363636364,0.954545454545455,0.272727272727273,0.454545454545455,0.818181818181818,0.590909090909091
"109",4,2012,NA,0.857142857142857,0.714285714285714,NA,0.333333333333333,0.714285714285714,0.857142857142857,0.333333333333333,NA,NA,NA,0.857142857142857,0.619047619047619,0.619047619047619,0.714285714285714,0.714285714285714,0.761904761904762,0.428571428571429,0.571428571428571,0.571428571428571,0.714285714285714,1,0.714285714285714,0.619047619047619,0.238095238095238,0.952380952380952,0.666666666666667
"110",5,2012,NA,0.91304347826087,0.739130434782609,NA,0.217391304347826,0.521739130434783,0.91304347826087,0.391304347826087,NA,NA,NA,0.826086956521739,0.695652173913043,0.434782608695652,0.91304347826087,0.391304347826087,0.521739130434783,0.260869565217391,0.260869565217391,0.565217391304348,0.869565217391304,0.739130434782609,0.91304347826087,0.391304347826087,0.434782608695652,0.91304347826087,0.521739130434783
"111",6,2012,NA,1,0.619047619047619,NA,0.19047619047619,0.857142857142857,0.904761904761905,0.0952380952380952,NA,NA,NA,0.904761904761905,0.619047619047619,0.904761904761905,0.904761904761905,0.523809523809524,0.380952380952381,0.285714285714286,0.476190476190476,0.523809523809524,0.523809523809524,0.571428571428571,0.857142857142857,0.428571428571429,0.333333333333333,0.952380952380952,0.571428571428571
"112",7,2012,NA,0.409090909090909,0.681818181818182,NA,0.318181818181818,0.772727272727273,1,0.181818181818182,NA,NA,NA,0.727272727272727,0.681818181818182,0.863636363636364,0.727272727272727,0.590909090909091,0.545454545454545,0.272727272727273,0.681818181818182,0.545454545454545,0.681818181818182,0.818181818181818,0.909090909090909,0.636363636363636,0.454545454545455,0.909090909090909,0.681818181818182
"113",8,2012,NA,0.478260869565217,0.869565217391304,NA,0.260869565217391,0.652173913043478,0.956521739130435,0.130434782608696,NA,NA,NA,0.956521739130435,0.782608695652174,0.782608695652174,0.956521739130435,0.434782608695652,0.652173913043478,0.260869565217391,0.521739130434783,0.565217391304348,0.739130434782609,0.869565217391304,0.652173913043478,0.478260869565217,0.565217391304348,0.782608695652174,0.652173913043478
"114",9,2012,NA,0.95,1,NA,0.2,0.8,0.95,0.25,NA,NA,NA,1,0.7,0.7,1,0.65,0.5,0.25,0.65,0.55,0.7,0.9,0.65,0.3,0.55,0.75,0.65
"115",10,2012,NA,0.434782608695652,0.826086956521739,NA,0.347826086956522,0.826086956521739,0.826086956521739,0.130434782608696,NA,NA,NA,0.956521739130435,0.956521739130435,0.695652173913043,1,0.782608695652174,0.869565217391304,0.0869565217391304,0.739130434782609,0.565217391304348,0.826086956521739,0.782608695652174,0.869565217391304,0.478260869565217,0.565217391304348,0.826086956521739,0.391304347826087
"116",11,2012,NA,0.636363636363636,0.863636363636364,NA,0.227272727272727,0.727272727272727,0.909090909090909,0.318181818181818,NA,NA,NA,0.909090909090909,0.636363636363636,0.863636363636364,0.909090909090909,0.636363636363636,0.772727272727273,0.227272727272727,0.590909090909091,0.227272727272727,1,0.5,0.818181818181818,0.363636363636364,0.5,0.681818181818182,0.636363636363636
"117",12,2012,NA,0.666666666666667,0.904761904761905,NA,0.428571428571429,0.619047619047619,0.952380952380952,0.333333333333333,NA,NA,NA,1,0.80952380952381,0.857142857142857,0.80952380952381,0.619047619047619,0.619047619047619,0.571428571428571,0.80952380952381,0.476190476190476,1,0.904761904761905,0.904761904761905,0.666666666666667,0.523809523809524,0.904761904761905,0.666666666666667
"118",1,2013,NA,0.478260869565217,0.91304347826087,NA,0.0869565217391304,0.391304347826087,0.869565217391304,0.130434782608696,NA,NA,NA,0.956521739130435,0.739130434782609,0.739130434782609,0.782608695652174,0.652173913043478,0.434782608695652,0.173913043478261,0.434782608695652,0.434782608695652,1,0.652173913043478,0.826086956521739,0.391304347826087,0.304347826086957,0.826086956521739,0.739130434782609
"119",2,2013,NA,0.85,0.5,NA,0,0.55,0.85,0.2,NA,NA,NA,0.9,0.85,0.7,0.8,0.6,0.65,0.15,0.75,0.6,0.75,0.75,0.8,0.4,0.45,0.85,0.65
"120",3,2013,NA,0.619047619047619,0.714285714285714,NA,0.285714285714286,0.80952380952381,1,0.428571428571429,NA,NA,NA,0.857142857142857,0.761904761904762,0.523809523809524,0.904761904761905,0.666666666666667,0.666666666666667,0.285714285714286,0.333333333333333,0.285714285714286,0.904761904761905,0.761904761904762,0.761904761904762,0.428571428571429,0.476190476190476,0.857142857142857,0.333333333333333
"121",4,2013,NA,0.590909090909091,0.909090909090909,NA,0.318181818181818,0.681818181818182,1,0.727272727272727,NA,NA,NA,0.772727272727273,0.590909090909091,0.727272727272727,0.863636363636364,0.681818181818182,0.772727272727273,0.409090909090909,0.363636363636364,0.227272727272727,0.772727272727273,0.681818181818182,0.681818181818182,0.454545454545455,0.545454545454545,0.863636363636364,0.545454545454545
"122",5,2013,NA,0.391304347826087,0.739130434782609,NA,0.130434782608696,0.608695652173913,0.956521739130435,0.521739130434783,NA,NA,NA,0.826086956521739,0.869565217391304,0.695652173913043,1,0.565217391304348,0.739130434782609,0.478260869565217,0.304347826086957,0.565217391304348,0.826086956521739,0.782608695652174,0.826086956521739,0.391304347826087,0.217391304347826,0.869565217391304,0.608695652173913
"123",6,2013,NA,0.75,0.7,NA,0.1,0.95,0.9,0.75,NA,NA,NA,0.85,0.85,0.8,1,0.75,0.8,0.4,0.4,0.5,0.75,0.9,0.75,0.35,0.55,0.8,0.75
"124",7,2013,NA,0.478260869565217,0.521739130434783,NA,0.434782608695652,0.739130434782609,1,0.391304347826087,NA,NA,NA,0.91304347826087,0.91304347826087,0.739130434782609,1,0.739130434782609,0.782608695652174,0.347826086956522,0.304347826086957,0.173913043478261,0.739130434782609,0.652173913043478,0.826086956521739,0.260869565217391,0.434782608695652,0.956521739130435,0.652173913043478
"125",8,2013,NA,0.727272727272727,0.545454545454545,0.428571428571429,0.181818181818182,0.590909090909091,0.818181818181818,0.363636363636364,NA,NA,NA,0.909090909090909,0.954545454545455,0.636363636363636,0.772727272727273,0.636363636363636,0.727272727272727,0.227272727272727,0.454545454545455,0.136363636363636,1,0.727272727272727,0.681818181818182,0.5,0.318181818181818,1,0.590909090909091
"126",9,2013,NA,0.666666666666667,0.619047619047619,0.333333333333333,0.285714285714286,0.666666666666667,1,0.571428571428571,NA,NA,NA,1,0.714285714285714,0.619047619047619,0.904761904761905,0.857142857142857,0.619047619047619,0.285714285714286,0.333333333333333,0.380952380952381,0.857142857142857,0.80952380952381,0.904761904761905,0.238095238095238,0.523809523809524,0.952380952380952,0.666666666666667
"127",10,2013,NA,0.869565217391304,0.695652173913043,0.695652173913043,0.391304347826087,0.826086956521739,0.91304347826087,0.739130434782609,NA,NA,NA,0.956521739130435,0.869565217391304,0.782608695652174,0.91304347826087,0.91304347826087,0.652173913043478,0.304347826086957,0.304347826086957,0.304347826086957,1,0.739130434782609,0.826086956521739,0.304347826086957,0.608695652173913,0.91304347826087,0.260869565217391
"128",11,2013,NA,0.619047619047619,0.904761904761905,0.476190476190476,0.619047619047619,0.714285714285714,1,0.571428571428571,NA,NA,NA,0.952380952380952,0.952380952380952,0.952380952380952,1,0.904761904761905,0.571428571428571,0.380952380952381,0.333333333333333,0.571428571428571,1,0.666666666666667,0.904761904761905,0.476190476190476,0.523809523809524,0.857142857142857,0.666666666666667
"129",12,2013,NA,0.772727272727273,0.727272727272727,0.727272727272727,0.727272727272727,0.590909090909091,0.954545454545455,0.5,NA,NA,NA,0.954545454545455,0.909090909090909,0.681818181818182,1,0.454545454545455,0.818181818181818,0.454545454545455,0.590909090909091,0.363636363636364,0.909090909090909,0.863636363636364,0.727272727272727,0.454545454545455,0.590909090909091,0.772727272727273,0.681818181818182
"130",1,2014,NA,0.695652173913043,0.608695652173913,0.695652173913043,0.130434782608696,0.347826086956522,0.956521739130435,0.521739130434783,NA,NA,NA,0.91304347826087,0.521739130434783,0.391304347826087,0.652173913043478,0.565217391304348,0.391304347826087,0.347826086956522,0.173913043478261,0.260869565217391,0.782608695652174,0.695652173913043,0.608695652173913,0.217391304347826,0.434782608695652,0.869565217391304,0.260869565217391
"131",2,2014,NA,0.65,0.7,0.5,0.25,0.5,0.8,0.35,NA,NA,NA,0.85,0.45,0.4,0.65,0.75,0.35,0.55,0.45,0.45,0.65,0.85,0.65,0.1,0.45,0.95,0.55
"132",3,2014,NA,0.238095238095238,0.857142857142857,0.333333333333333,0.142857142857143,0.571428571428571,0.904761904761905,0.238095238095238,NA,NA,NA,0.904761904761905,0.571428571428571,0.285714285714286,0.666666666666667,0.428571428571429,0.333333333333333,0.19047619047619,0.19047619047619,0.285714285714286,0.80952380952381,0.619047619047619,0.666666666666667,0.0476190476190476,0.285714285714286,0.904761904761905,0.523809523809524
"133",4,2014,NA,0.954545454545455,0.863636363636364,0.545454545454545,0.181818181818182,0.5,0.954545454545455,0.409090909090909,NA,NA,NA,0.909090909090909,0.818181818181818,0.272727272727273,0.590909090909091,0.590909090909091,0.545454545454545,0.272727272727273,0.5,0.318181818181818,0.590909090909091,0.863636363636364,0.909090909090909,0.272727272727273,0.227272727272727,0.909090909090909,0.5
"134",5,2014,NA,0.681818181818182,0.954545454545455,0.409090909090909,0.227272727272727,0.636363636363636,1,0.909090909090909,NA,NA,NA,0.954545454545455,0.636363636363636,0.363636363636364,0.954545454545455,0.636363636363636,0.5,0.272727272727273,0.636363636363636,0.363636363636364,1,0.863636363636364,0.818181818181818,0.318181818181818,0.318181818181818,0.863636363636364,0.681818181818182
"135",6,2014,NA,0.714285714285714,0.571428571428571,0.857142857142857,0.380952380952381,0.523809523809524,0.904761904761905,0.523809523809524,0.411764705882353,0.666666666666667,NA,1,0.80952380952381,0.476190476190476,0.904761904761905,0.714285714285714,0.476190476190476,0.238095238095238,0.476190476190476,0.571428571428571,1,0.857142857142857,0.952380952380952,0.428571428571429,0.476190476190476,0.952380952380952,0.571428571428571
"136",7,2014,NA,0.826086956521739,0.608695652173913,0.608695652173913,0.478260869565217,0.565217391304348,0.956521739130435,0.739130434782609,0.91304347826087,0.608695652173913,NA,0.826086956521739,0.91304347826087,0.260869565217391,0.956521739130435,0.521739130434783,0.565217391304348,0.260869565217391,0.521739130434783,0.391304347826087,0.91304347826087,0.869565217391304,0.956521739130435,0.304347826086957,0.565217391304348,0.869565217391304,0.565217391304348
"137",8,2014,NA,0.666666666666667,0.619047619047619,0.476190476190476,0.428571428571429,0.428571428571429,0.952380952380952,0.571428571428571,0.476190476190476,0.523809523809524,NA,0.761904761904762,0.80952380952381,0.476190476190476,0.761904761904762,0.428571428571429,0.619047619047619,0.285714285714286,0.523809523809524,0.619047619047619,0.619047619047619,0.857142857142857,0.904761904761905,0.19047619047619,0.380952380952381,0.904761904761905,0.523809523809524
"138",9,2014,NA,0.772727272727273,0.727272727272727,0.318181818181818,0.272727272727273,0.590909090909091,0.909090909090909,0.590909090909091,0.681818181818182,0.636363636363636,NA,0.954545454545455,0.909090909090909,0.454545454545455,0.863636363636364,0.681818181818182,0.545454545454545,0.181818181818182,0.5,0.727272727272727,1,0.863636363636364,0.590909090909091,0.409090909090909,0.454545454545455,0.863636363636364,0.772727272727273
"139",10,2014,NA,0.782608695652174,0.608695652173913,0.434782608695652,0.347826086956522,0.652173913043478,0.869565217391304,0.304347826086957,0.652173913043478,1,NA,0.91304347826087,0.826086956521739,0.652173913043478,1,0.695652173913043,0.608695652173913,0.130434782608696,0.478260869565217,0.565217391304348,0.91304347826087,0.739130434782609,0.739130434782609,0.391304347826087,0.391304347826087,0.782608695652174,0.608695652173913
"140",11,2014,NA,0.65,0.75,0.6,0.35,0.7,0.95,0.5,0.55,0.85,NA,1,0.9,0.35,0.85,0.6,0.65,0.7,0.45,0.35,0.75,0.65,0.85,0.4,0.4,0.85,0.8
"141",12,2014,NA,0.608695652173913,0.695652173913043,0.521739130434783,0.434782608695652,0.478260869565217,1,0.608695652173913,0.826086956521739,0.869565217391304,NA,1,0.739130434782609,0.652173913043478,0.869565217391304,0.782608695652174,0.565217391304348,0.565217391304348,0.478260869565217,0.739130434782609,1,0.869565217391304,0.739130434782609,0.608695652173913,0.521739130434783,0.826086956521739,0.608695652173913
"142",1,2015,NA,0.545454545454545,0.727272727272727,0.636363636363636,0.272727272727273,0.272727272727273,0.863636363636364,0.681818181818182,0.727272727272727,0.818181818181818,NA,0.954545454545455,0.545454545454545,0.681818181818182,0.909090909090909,0.863636363636364,0.454545454545455,0.545454545454545,0.590909090909091,0.772727272727273,1,0.909090909090909,0.863636363636364,0.545454545454545,0.5,0.909090909090909,0.863636363636364
"143",2,2015,NA,0.75,0.9,0.45,0.3,0.6,0.95,0.6,0.75,1,NA,0.95,0.65,0.65,0.7,0.75,0.5,0.4,0.45,0.6,0.85,0.85,0.8,0.3,0.6,0.75,0.6
"144",3,2015,NA,0.5,0.818181818181818,0.363636363636364,0.363636363636364,0.5,0.863636363636364,0.681818181818182,0.818181818181818,0.727272727272727,NA,0.863636363636364,0.590909090909091,0.318181818181818,0.772727272727273,0.954545454545455,0.681818181818182,0.636363636363636,0.681818181818182,0.545454545454545,0.772727272727273,0.863636363636364,0.772727272727273,0.227272727272727,0.5,0.681818181818182,0.772727272727273
"145",4,2015,NA,0.681818181818182,0.772727272727273,0.227272727272727,0.227272727272727,0.363636363636364,0.954545454545455,0.454545454545455,0.727272727272727,0.590909090909091,NA,0.909090909090909,0.727272727272727,0.409090909090909,0.818181818181818,0.909090909090909,0.409090909090909,0.454545454545455,0.636363636363636,0.454545454545455,0.909090909090909,0.863636363636364,0.863636363636364,0.636363636363636,0.454545454545455,0.772727272727273,0.681818181818182
"146",5,2015,NA,0.571428571428571,0.619047619047619,0.19047619047619,0.333333333333333,0.523809523809524,0.952380952380952,0.952380952380952,0.714285714285714,0.571428571428571,0.785714285714286,0.952380952380952,0.714285714285714,0.714285714285714,0.952380952380952,0.666666666666667,0.571428571428571,0.285714285714286,0.571428571428571,0.857142857142857,0.952380952380952,0.857142857142857,1,0.571428571428571,0.523809523809524,0.80952380952381,0.80952380952381
"147",6,2015,NA,0.636363636363636,0.636363636363636,0.272727272727273,0.409090909090909,0.5,1,0.636363636363636,0.636363636363636,0.590909090909091,0.681818181818182,0.909090909090909,0.772727272727273,0.590909090909091,0.954545454545455,0.818181818181818,0.636363636363636,0.636363636363636,0.681818181818182,0.590909090909091,1,0.818181818181818,0.863636363636364,0.409090909090909,0.5,0.863636363636364,0.590909090909091
"148",7,2015,NA,0.478260869565217,0.608695652173913,0.478260869565217,0.217391304347826,0.478260869565217,0.956521739130435,0.565217391304348,0.652173913043478,0.478260869565217,0.782608695652174,0.91304347826087,0.782608695652174,0.608695652173913,1,0.91304347826087,0.739130434782609,0.434782608695652,0.695652173913043,0.608695652173913,0.782608695652174,0.652173913043478,0.782608695652174,0.521739130434783,0.478260869565217,0.956521739130435,0.695652173913043
"149",8,2015,NA,0.476190476190476,0.761904761904762,0.571428571428571,0.523809523809524,0.380952380952381,0.80952380952381,0.714285714285714,0.904761904761905,0.476190476190476,0.714285714285714,0.904761904761905,0.666666666666667,0.571428571428571,0.952380952380952,0.761904761904762,0.714285714285714,0.333333333333333,0.571428571428571,0.666666666666667,0.857142857142857,0.904761904761905,0.857142857142857,0.523809523809524,0.571428571428571,1,0.80952380952381
"150",9,2015,NA,0.590909090909091,0.818181818181818,0.545454545454545,0.5,0.272727272727273,0.772727272727273,0.5,0.545454545454545,0.5,0.909090909090909,0.772727272727273,0.727272727272727,0.590909090909091,0.863636363636364,0.772727272727273,0.636363636363636,0.318181818181818,0.590909090909091,0.681818181818182,1,0.545454545454545,1,0.363636363636364,0.681818181818182,0.772727272727273,0.636363636363636
"151",10,2015,NA,0.5,0.636363636363636,0.545454545454545,0.409090909090909,0.454545454545455,0.954545454545455,0.5,0.681818181818182,0.409090909090909,0.681818181818182,0.863636363636364,0.545454545454545,0.590909090909091,0.909090909090909,0.681818181818182,0.5,0.409090909090909,0.590909090909091,0.681818181818182,0.772727272727273,0.863636363636364,0.909090909090909,0.363636363636364,0.545454545454545,0.727272727272727,0.636363636363636
"152",11,2015,NA,0.476190476190476,0.80952380952381,0.333333333333333,0.285714285714286,0.285714285714286,0.904761904761905,0.761904761904762,0.952380952380952,0.666666666666667,0.952380952380952,0.904761904761905,0.761904761904762,0.666666666666667,0.904761904761905,0.380952380952381,0.571428571428571,0.571428571428571,0.428571428571429,0.380952380952381,0.80952380952381,0.857142857142857,1,0.619047619047619,0.523809523809524,0.761904761904762,0.80952380952381
"153",12,2015,NA,0.478260869565217,0.608695652173913,0.347826086956522,0.434782608695652,0.434782608695652,0.869565217391304,0.739130434782609,0.652173913043478,0.782608695652174,0.91304347826087,0.956521739130435,0.782608695652174,0.478260869565217,0.782608695652174,0.782608695652174,0.608695652173913,0.478260869565217,0.782608695652174,0.695652173913043,0.91304347826087,0.869565217391304,1,0.521739130434783,0.652173913043478,0.739130434782609,0.652173913043478
"154",1,2016,0.571428571428571,0.476190476190476,0.761904761904762,0.523809523809524,0.333333333333333,0.571428571428571,0.904761904761905,0.523809523809524,0.666666666666667,0.761904761904762,0.857142857142857,0.904761904761905,0.476190476190476,0.666666666666667,0.952380952380952,0.80952380952381,0.619047619047619,0.428571428571429,0.714285714285714,0.619047619047619,0.952380952380952,0.761904761904762,0.857142857142857,0.380952380952381,0.571428571428571,0.80952380952381,0.857142857142857
"155",2,2016,0.619047619047619,0.761904761904762,0.428571428571429,0.523809523809524,0.285714285714286,0.428571428571429,0.952380952380952,0.380952380952381,0.666666666666667,0.761904761904762,0.857142857142857,0.904761904761905,0.80952380952381,0.523809523809524,1,0.666666666666667,0.666666666666667,0.761904761904762,0.619047619047619,0.904761904761905,0.761904761904762,0.952380952380952,0.904761904761905,0.428571428571429,0.714285714285714,0.666666666666667,0.80952380952381
"156",3,2016,0.826086956521739,0.608695652173913,0.478260869565217,0.260869565217391,0.521739130434783,0.652173913043478,0.826086956521739,0.521739130434783,0.739130434782609,0.434782608695652,0.869565217391304,0.739130434782609,0.869565217391304,0.739130434782609,1,0.739130434782609,0.652173913043478,0.521739130434783,0.652173913043478,0.739130434782609,0.826086956521739,0.91304347826087,1,0.478260869565217,0.695652173913043,0.91304347826087,0.782608695652174
"157",4,2016,0.857142857142857,0.476190476190476,0.571428571428571,0.380952380952381,0.0952380952380952,0.476190476190476,0.952380952380952,0.666666666666667,0.714285714285714,0.714285714285714,0.761904761904762,0.857142857142857,0.476190476190476,0.80952380952381,1,0.80952380952381,0.714285714285714,0.380952380952381,0.714285714285714,0.333333333333333,0.80952380952381,0.857142857142857,0.952380952380952,0.142857142857143,0.761904761904762,0.80952380952381,0.761904761904762
"158",5,2016,0.863636363636364,0.681818181818182,0.727272727272727,0.272727272727273,0.272727272727273,0.363636363636364,0.863636363636364,0.681818181818182,0.772727272727273,0.681818181818182,0.909090909090909,0.772727272727273,0.409090909090909,0.636363636363636,0.909090909090909,0.636363636363636,0.590909090909091,0.590909090909091,0.636363636363636,0.5,0.590909090909091,0.909090909090909,0.954545454545455,0.681818181818182,0.636363636363636,0.909090909090909,0.590909090909091
"159",6,2016,0.636363636363636,0.590909090909091,0.727272727272727,0.454545454545455,0.409090909090909,0.363636363636364,0.818181818181818,0.590909090909091,0.772727272727273,0.636363636363636,0.954545454545455,0.772727272727273,0.454545454545455,0.772727272727273,0.954545454545455,0.590909090909091,0.636363636363636,0.636363636363636,0.681818181818182,0.590909090909091,0.863636363636364,0.863636363636364,0.590909090909091,0.454545454545455,0.727272727272727,0.909090909090909,0.590909090909091
"160",7,2016,0.714285714285714,0.476190476190476,0.714285714285714,0.619047619047619,0.238095238095238,0.571428571428571,0.904761904761905,0.428571428571429,0.761904761904762,0.952380952380952,0.857142857142857,0.714285714285714,0.380952380952381,0.523809523809524,0.904761904761905,0.619047619047619,0.904761904761905,0.238095238095238,0.80952380952381,0.80952380952381,0.80952380952381,0.80952380952381,0.952380952380952,0.238095238095238,0.904761904761905,0.857142857142857,0.714285714285714
"161",8,2016,0.91304347826087,0.695652173913043,0.695652173913043,0.391304347826087,0.521739130434783,0.652173913043478,1,0.652173913043478,0.91304347826087,0.608695652173913,0.956521739130435,0.826086956521739,0.434782608695652,0.652173913043478,0.91304347826087,0.782608695652174,0.782608695652174,0.347826086956522,0.695652173913043,0.869565217391304,0.869565217391304,0.91304347826087,0.869565217391304,0.478260869565217,0.695652173913043,0.826086956521739,0.521739130434783
"162",9,2016,0.545454545454545,0.545454545454545,0.727272727272727,0.590909090909091,0.363636363636364,0.545454545454545,1,0.863636363636364,0.772727272727273,0.727272727272727,0.954545454545455,0.909090909090909,0.545454545454545,0.409090909090909,0.818181818181818,0.727272727272727,0.681818181818182,0.363636363636364,0.772727272727273,0.545454545454545,0.909090909090909,0.909090909090909,0.681818181818182,0.272727272727273,0.727272727272727,0.681818181818182,0.5
"163",10,2016,0.857142857142857,0.761904761904762,0.80952380952381,0.380952380952381,0.285714285714286,0.380952380952381,0.666666666666667,0.80952380952381,0.80952380952381,0.857142857142857,1,0.952380952380952,0.428571428571429,0.571428571428571,0.761904761904762,0.666666666666667,0.857142857142857,0.761904761904762,0.476190476190476,0.571428571428571,0.666666666666667,0.857142857142857,0.80952380952381,0.523809523809524,0.571428571428571,0.80952380952381,0.380952380952381
"164",11,2016,0.636363636363636,0.818181818181818,0.818181818181818,0.454545454545455,0.454545454545455,0.318181818181818,0.909090909090909,0.681818181818182,0.863636363636364,0.636363636363636,0.863636363636364,0.818181818181818,0.681818181818182,0.863636363636364,0.818181818181818,0.454545454545455,0.772727272727273,0.681818181818182,0.409090909090909,0.545454545454545,0.863636363636364,0.818181818181818,0.681818181818182,0.363636363636364,0.590909090909091,0.727272727272727,0.636363636363636
"165",12,2016,0.727272727272727,0.772727272727273,0.5,0.454545454545455,0.227272727272727,0.727272727272727,0.818181818181818,0.681818181818182,0.681818181818182,0.545454545454545,0.772727272727273,0.727272727272727,0.545454545454545,0.681818181818182,0.909090909090909,0.681818181818182,0.727272727272727,0.681818181818182,0.636363636363636,0.590909090909091,0.863636363636364,0.727272727272727,0.727272727272727,0.181818181818182,0.681818181818182,0.818181818181818,0.545454545454545
"166",1,2017,0.863636363636364,0.863636363636364,0.863636363636364,0.363636363636364,0.363636363636364,0.409090909090909,0.954545454545455,0.818181818181818,0.863636363636364,0.636363636363636,0.772727272727273,0.818181818181818,0.363636363636364,0.636363636363636,0.772727272727273,0.863636363636364,0.636363636363636,0.636363636363636,0.727272727272727,0.681818181818182,0.590909090909091,0.954545454545455,0.772727272727273,0.318181818181818,0.590909090909091,0.545454545454545,0.681818181818182
"167",2,2017,1,0.55,0.8,0.5,0.3,0.45,0.9,0.55,0.55,0.35,0.85,0.75,0.35,0.55,0.95,0.85,0.7,0.8,0.5,0.6,0.7,0.85,0.95,0.35,0.7,0.6,0.7
"168",3,2017,0.478260869565217,0.739130434782609,0.608695652173913,0.478260869565217,0.347826086956522,0.391304347826087,0.782608695652174,0.478260869565217,0.826086956521739,0.565217391304348,0.695652173913043,0.782608695652174,0.695652173913043,0.521739130434783,0.956521739130435,0.869565217391304,0.565217391304348,0.434782608695652,0.478260869565217,0.304347826086957,0.695652173913043,0.91304347826087,0.739130434782609,0.391304347826087,0.565217391304348,0.826086956521739,0.565217391304348
"169",4,2017,0.75,0.625,0.8125,0.375,0.375,0.5625,0.875,0.6875,0.6875,0.625,0.8125,0.8125,0.875,0.5,1,0.875,0.75,0.1875,0.4375,0.25,0.6875,0.9375,0.8125,0.3125,0.625,0.625,0.375
