"","Group.1","Group.2","ECOPETROL","BANCO.DE.BOGOTA","BANCOLOMBIA","EMPRESA.DE.ENERGIA.DE.BOGOTA","GRUPO.AVAL.ACCIONES.Y.VALORES","GRUPO.DE.INVERSIONES.SURAMERICANA","CEMENTOS.ARGOS","GRUPO.NACIONAL.DE.CHOCOLATES","INTERCONEXION.ELECTRICA","INVERSIONES.ARGOS","ISAGEN","ALMACENES.EXITO","BANCO.DE.OCCIDENTE","CEMEX.LATAM.HOLDING.BOG.","CORPORACION.FINANCIERA.COLOMBIANA","PROMIGAS","ASDF.DE.PNSI.Y.CESA..PRCN.","BANCO.COMERCIAL.AV.VILLAS","BANCO.POPULAR","BBV.ARGT.CLOMB.","CELSIA.ESP","EMPRESA.DE.ENERGIA.DEL.PACIFICO","EMSA.DE.TC.DE.BOGOTA","GAS.NATURAL","ORGANIZACION.DE.INGENIERIA.INTERNACIONAL","ORGANIZACION.TERPEL","PRODUCTOS.FAMILIA","SOCIEDADES.BOLIVAR","ACERIAS.PAZ.DEL.RIO","AGROGUACHAL","ALIMENTOS.DERIVADOS.DE.LA.CANA","BIOMAX.BIOCOMBUSTIBLES","BOLSA.DE.VALORES.DE.COLOMBIA","BOLSA.NACIONAL.AGROPECUARIA","CARTON.DE.COLOMBIA","CLINICA.DE.MARLY","COLOMBINA","COLTEJER","COMPANIA.AGRICOLA.SAN.FELIPE","COMPANIA.DE.ELECTRICIDAD.DE.TULUA","COMPANIA.DE.EMPAQUES","CONCONCRETO","CONSTRUCCIONES.CIVILES","CONSTRUCCIONES.EL.CONDOR","COOMEVA.ENTIDAD.PROMOTORA.DE.SALUD","CORPORACION.DE.FERIAS.Y.EXPOCISIONES","EDATEL","ENKA.DE.COLOMBIA","F.GAN.CALDAS","FOGANSA","FONDO.GANADERO.DE.TOLIMA","INDUSTRIAS.ESTRA","INGENIO.CENTRAL.CASTILLA","INVERSIONES.EQUIPOS.Y.SERVICIOS","INVERSIONES.VENECIA","MANUFACTURAS.DE.CEMENTO","MAYAGUEZ","MINEROS","RIOPAILA.CASTILLA","TABLEMAC","TEXTILES.FABRICATO.TEJICONDOR","VALOREM","VALORES.INDUSTRIALES","VALORES.SIMESA","ALPHABET.A..BOG.","AMAZON.COM..BOG.","APPLE..BOG.","BANK.OF.AMERICA..BOG.","CANACOL.ENERGY..BOG.","CITIGROUP..BOG.","COLGATE.PALMOLIVE..BOG.","FACEBOOK.A..BOG.","GENERAL.ELECTRIC..BOG.","GRAN.TIERRA.ENERGY..BOG.","JOHNSON...JOHNSON..BOG.","JPMORGAN.CHASE..BOG.","MICROSOFT..BOG.","PACIFIC.EXP...PRDN..BOG.","PFIZER..BOG.","PROCTER...GAMBLE..BOG.","TECNOGLASS..BOG.","WALMART.STORES..BOG.","BANCO.BILBAO.VIZCAYA.ARGENTARIA","CORPORACION.FINANCIERA.COLOMBIANA.1","CORPORACION.FINANCIERA.COLOMBIANA.2","CORPORACION.FINANCIERA.COLOMBIANA.3","ORGANIZACION.DE.INGENIERIA.INTERNACIONAL.1","PROMIGAS.ESP","SDEXITO"
"1",1,2004,NA,0,0,NA,0,0,0,0,0,0.0213415136491065,NA,0,0,NA,0,0,NA,0,0,0.00975900072948533,0,NA,0,NA,NA,NA,0,0,0,0,0,NA,NA,NA,0.00196142862993541,0,0,0.0210159664742121,NA,NA,NA,NA,NA,NA,0,0,NA,NA,NA,NA,NA,NA,0,0,0,NA,NA,0,0,0,0.00832276802620528,NA,0,0.0153815396989701,NA,NA,NA,NA,NA,NA,NA,NA,NA,NA,NA,NA,NA,NA,NA,NA,NA,NA,NA,NA,NA,NA,NA,NA,0
"2",2,2004,NA,0.0184419703782083,0.0201125619485147,NA,0,0.0138043524434586,0,0,0,0.0251503101567387,NA,0,0,NA,0,0.00680925251184687,NA,0,0,0,0,NA,0,NA,NA,NA,0,0,0,0,0,NA,NA,NA,0.0145834613859403,0,0,0,NA,NA,NA,NA,NA,NA,0,0,NA,NA,NA,NA,NA,NA,0,0,0,NA,NA,0,0,0.0590360720034351,0,NA,0,0.00351821156986231,NA,NA,NA,NA,NA,NA,NA,NA,NA,NA,NA,NA,NA,NA,NA,NA,NA,NA,NA,NA,NA,NA,NA,NA,0
"3",3,2004,NA,0,0.00971784179636355,NA,0.0145856328424782,0,0.0168293653059536,0,0,0,NA,0.0184039891875555,0,NA,0.0323168272459816,0.0402928474640836,NA,0,0,0.00896260349801068,0,NA,0,NA,NA,NA,0,0,0,0,0,NA,NA,NA,0.000939883031407706,0,0,0.00502736453166465,NA,NA,NA,NA,NA,NA,0,0,NA,NA,NA,NA,NA,NA,0,0,0,NA,NA,0,0,0,0.00485187047185095,NA,0,0.00606427509850059,NA,NA,NA,NA,NA,NA,NA,NA,NA,NA,NA,NA,NA,NA,NA,NA,NA,NA,NA,NA,NA,NA,NA,NA,0
"4",4,2004,NA,0,0,NA,0,0.00442556992798702,0,0.0123874999787738,0,0,NA,0.0167825233845707,0.00305071743533174,NA,0,0,NA,0,0,0.0039563516919273,0.0305439520605827,NA,0,NA,NA,NA,0,0.0927096321011879,0,0,0,NA,NA,NA,0.00505290404751459,0,0,0.0108864407115483,NA,NA,NA,NA,NA,NA,0,0,NA,NA,NA,NA,NA,NA,0,0,0,NA,NA,0,0,0,0,NA,0,0.000741613859016749,NA,NA,NA,NA,NA,NA,NA,NA,NA,NA,NA,NA,NA,NA,NA,NA,NA,NA,NA,NA,NA,NA,NA,NA,0
"5",5,2004,NA,0.0452055221600764,0.0358540666252275,NA,0,0.0262865198265023,0.0264474094290623,0.0155682438859867,0.0439299495521868,0.0267476139006322,NA,0,0,NA,0.0422201282543207,0.0020476465691132,NA,0,0,0.00361259987174687,0.0145385576469405,NA,0.00747506633923395,NA,NA,NA,0,0,0,0,0,NA,NA,NA,0.00758950498788115,0,0,0.0102629847365066,NA,NA,NA,NA,NA,NA,0,0,NA,NA,NA,NA,NA,NA,0,0,0,NA,NA,0,0,0.0385980989435176,0.0545378786175297,NA,0,0,NA,NA,NA,NA,NA,NA,NA,NA,NA,NA,NA,NA,NA,NA,NA,NA,NA,NA,NA,NA,NA,NA,NA,NA,0.00637350187172925
"6",6,2004,NA,0,0,NA,4.23613824165137e-05,0,0,0,0,0.00692979744410002,NA,0,0.00272439133691605,NA,0.0560254958742591,0.00189678142437682,NA,0,0.00209966384062988,0,0.00797072969314723,NA,0,NA,NA,NA,0,0,0,0,0,NA,NA,NA,0,0,0,0.00348533615664889,NA,NA,NA,NA,NA,NA,0,0,NA,NA,NA,NA,NA,NA,0,0,0,NA,NA,0,0,0.00888794585095896,0.00660221934892121,NA,0,0.00127568632840756,NA,NA,NA,NA,NA,NA,NA,NA,NA,NA,NA,NA,NA,NA,NA,NA,NA,NA,NA,NA,NA,NA,NA,NA,0
"7",7,2004,NA,0.00366503602516221,0.00428005423050565,NA,0,0,0,0,0.0172656412845693,0.0105783790444258,NA,0,0.00602881606428421,NA,0.0108144391957194,0.00155122431828409,NA,0,0.00942248344949066,0,0,NA,0.000844334279711875,NA,NA,NA,0,0,0.0212286425955347,0,0,NA,NA,NA,0.00101573270309602,0,0,0,NA,NA,NA,NA,NA,NA,0,0,NA,NA,NA,NA,NA,NA,0,0,0,NA,NA,0,0,0.008535996527954,0,NA,0,0,NA,NA,NA,NA,NA,NA,NA,NA,NA,NA,NA,NA,NA,NA,NA,NA,NA,NA,NA,NA,NA,NA,NA,NA,0
"8",8,2004,NA,0,0,NA,0,0.00774865302169094,0.0143717150188927,0,0.00207281701003446,0,NA,0.0188144141233189,0,NA,0.0341731588293811,0,NA,0,0.0124920985689944,0,0,NA,0,NA,NA,NA,0,0,0,0,0,NA,NA,NA,0,0,0,0.00975907226296068,NA,NA,NA,NA,NA,NA,0,0,NA,NA,NA,NA,NA,NA,0,0,0,NA,NA,0.0021735148396656,0,0.00247685665133509,0.0185933115567108,NA,0,0.00151721935189215,NA,NA,NA,NA,NA,NA,NA,NA,NA,NA,NA,NA,NA,NA,NA,NA,NA,NA,NA,NA,NA,NA,NA,NA,0.00410354518339949
"9",9,2004,NA,0,0,NA,0,0,0,0,0,0,NA,0.0334439659600261,0,NA,0,0.00440129243731321,NA,0,0.00975900072948533,0.00213700743764131,0,NA,0,NA,NA,NA,0,0.00299922012918171,0.0156240856501127,0,0,NA,NA,NA,0.000985757639585386,0,0,0,NA,NA,NA,NA,NA,NA,0,0,NA,NA,NA,NA,NA,NA,0,0,0,NA,NA,0,0,0.0698012077929224,0,NA,0,0,NA,NA,NA,NA,NA,NA,NA,NA,NA,NA,NA,NA,NA,NA,NA,NA,NA,NA,NA,NA,NA,NA,NA,NA,0
"10",10,2004,NA,0.012633872731307,0.0190785062435134,NA,0.00854349366621212,0.00198611864574202,0,0.0116792590605794,0.0074166823830023,0.00280581991041466,NA,0.00655421440140115,0,NA,0.0458728395789324,0.00601530799309132,NA,0,0,0,0.00567601278484482,NA,0,NA,NA,NA,0,0,0,0,0,NA,NA,NA,0,0,0,0.0319992569667137,NA,NA,NA,NA,NA,NA,0,0,NA,NA,NA,NA,NA,NA,0,0,0,NA,NA,0.0125271005961634,0,0.0204944455902183,0.0249459905254697,NA,0,0.0120002825403097,NA,NA,NA,NA,NA,NA,NA,NA,NA,NA,NA,NA,NA,NA,NA,NA,NA,NA,NA,NA,NA,NA,NA,NA,0.00414856378102769
"11",11,2004,NA,0.00390540276133006,0,NA,0.0298970415697286,0,0,0,0,0,NA,0.00687528474726041,0,NA,0,0,NA,0,0.0195619986450895,0.00689966436013993,0,NA,0,NA,NA,NA,0,0,0.0174423393719739,0,0,NA,NA,NA,0.00195180014589707,0.00615537914064461,0,0.0220249260886167,NA,NA,NA,NA,NA,NA,0,0,NA,NA,NA,NA,NA,NA,0,0,0,NA,NA,0,0,0,0,NA,0,3.72796755566561e-05,NA,NA,NA,NA,NA,NA,NA,NA,NA,NA,NA,NA,NA,NA,NA,NA,NA,NA,NA,NA,NA,NA,NA,NA,0.0237382799581765
"12",12,2004,NA,0,0.0133371770609536,NA,0.0122612707747361,0.0138136890840265,0,0.00856341808249209,0.00574771718611201,0.00936507944227846,NA,0,0.00592472915449355,NA,0.0107086583001819,0.000762333829715545,NA,0.0540501857565611,0,0.00676339702406934,0.0133527248426269,NA,0.0142304174424463,NA,NA,NA,0,0.00680842107892981,0,0,0,NA,NA,NA,0.00190828642739676,0,0,0.0290308805359099,NA,NA,NA,NA,NA,NA,0,0,NA,NA,NA,NA,NA,NA,0,0,0,NA,NA,0.00503761427386417,0,0,0,NA,0,0,NA,NA,NA,NA,NA,NA,NA,NA,NA,NA,NA,NA,NA,NA,NA,NA,NA,NA,NA,NA,NA,NA,NA,NA,0.00840020469788584
"13",1,2005,NA,0.00725683830094449,0,NA,0,0,0,0,0,0,NA,0,0.00189261200630796,NA,0,0.0021239536064517,NA,0,0,0.00641236470053221,0,NA,0,NA,NA,NA,0,0,0.0227781427559,0,0,NA,NA,NA,0.00205195670417031,0,0,0,NA,NA,NA,NA,NA,NA,0,0,NA,NA,NA,NA,NA,NA,0,0,0,NA,NA,0.00227533203369765,0,0,0,NA,0,0,NA,NA,NA,NA,NA,NA,NA,NA,NA,NA,NA,NA,NA,NA,NA,NA,NA,NA,NA,NA,NA,NA,NA,NA,0
"14",2,2005,NA,0.00852091701179137,0.0153360417523334,NA,0,0.00768563670962561,0,0,0,0,NA,0.0194083729120699,0.00979480155607976,NA,0.040316614048051,0.00118098704431737,NA,0,0,0,0,NA,0.00461493714116699,NA,NA,NA,0.0198270625465995,0.155187847969547,0,0,0,NA,NA,NA,0.00220709413635216,0,0,0,NA,NA,NA,NA,NA,NA,0,0,NA,NA,NA,NA,NA,NA,0,0,0,NA,NA,0.0363710133947022,0,0.0170165235038482,0.0230860826372141,NA,0,0,NA,NA,NA,NA,NA,NA,NA,NA,NA,NA,NA,NA,NA,NA,NA,NA,NA,NA,NA,NA,NA,NA,NA,NA,0
"15",3,2005,NA,0.0147428551039782,0.0241994151629378,NA,0.00855176393000112,0,0.00801181686253976,0,0,0.0210643700207002,NA,0.0239380772122187,0.017028559086263,NA,0.0215216259817719,0,NA,0,0,0.00620322810033928,0,NA,0.00857701445656616,NA,NA,NA,0,0.0145404709481892,0.0163990460694266,0,0,NA,NA,NA,0,0,0,0.0095707161499566,NA,NA,NA,NA,NA,NA,0,0,NA,NA,NA,NA,NA,NA,0,0,0,NA,NA,0.0061592954096844,0,0.013074156552441,0.00748969994745191,NA,0,0,NA,NA,NA,NA,NA,NA,NA,NA,NA,NA,NA,NA,NA,NA,NA,NA,NA,NA,NA,NA,NA,NA,NA,NA,0
"16",4,2005,NA,0.00429315957610491,0,NA,0.0256890839496794,0,0,0.0183515515491434,0.00411939941547087,0,NA,0,0,NA,0,0,NA,0,0,0,0.0105888428050756,NA,0.0264866505582366,NA,NA,NA,0,0.00138645728245997,0.00959583731976091,0,0,NA,NA,NA,0.00984939218001748,0,0,0,NA,NA,NA,NA,NA,NA,0,0,NA,NA,NA,NA,NA,NA,0,0,0,NA,NA,0.0115362403676035,0,0.0161673043047086,0,NA,0,0,NA,NA,NA,NA,NA,NA,NA,NA,NA,NA,NA,NA,NA,NA,NA,NA,NA,NA,NA,NA,NA,NA,NA,NA,0
"17",5,2005,NA,0.00766203001395699,0.0107609653308442,NA,0,0.00658699292840968,0,0,0,0,NA,0,0.000518933608986434,NA,0,0.00174927072544799,NA,0,0,0.00316965378451316,0,NA,0,NA,0,NA,0,0,0,0,0,NA,NA,NA,0.00259088519173868,0,0,0.0167118361267898,NA,NA,NA,NA,NA,NA,0,0,NA,NA,NA,NA,NA,NA,0,0,0,NA,NA,0.00290911217425483,0,0.0137520192446437,0.00979402249824107,NA,0,0.00591319187375111,NA,NA,NA,NA,NA,NA,NA,NA,NA,NA,NA,NA,NA,NA,NA,NA,NA,NA,NA,NA,NA,NA,NA,NA,0
"18",6,2005,NA,0.00537715432172629,0,NA,0,0.011090221481756,0,0.00380068538248848,0.00242014641798772,0.00831248819524687,NA,0,0,NA,0,0,NA,0,0.0153941578917333,0.00697071476495095,0.0134523162868003,NA,0.0110156562239564,NA,0.00567132519003157,NA,0,0,0,0,0,NA,NA,NA,0,0,0,0.0118399942354596,NA,NA,NA,NA,NA,NA,0,0,NA,NA,NA,NA,NA,NA,0,0,0,NA,NA,0.0175286448334473,0,0,0,NA,0,0,NA,NA,NA,NA,NA,NA,NA,NA,NA,NA,NA,NA,NA,NA,NA,NA,NA,NA,NA,NA,NA,NA,NA,NA,0
"19",7,2005,NA,0,0,NA,0,0,0,0.0058918696873823,0.00851207923437414,0,NA,0,0.0212988553649587,NA,0,0,0,0,0,0.00258557307238372,0,NA,0,NA,0.0323465824895251,NA,0,0.00697665279417905,0,0,0,NA,NA,NA,0.020820980317563,0,0,0.0177974188032846,NA,NA,NA,NA,NA,NA,0,0,NA,NA,NA,NA,NA,NA,0,0,0,NA,NA,0,0,0.0124249352652931,0,NA,0,0.00746889881537017,NA,NA,NA,NA,NA,NA,NA,NA,NA,NA,NA,NA,NA,NA,NA,NA,NA,NA,NA,NA,NA,NA,NA,NA,0
"20",8,2005,NA,0,0,NA,0,0,0,0,0,0,NA,0,0,NA,0,0.010745471380308,0,0,0,0,0,NA,0,NA,0,NA,0,0.00580156942402815,0,0,0,NA,NA,NA,0.00731854601107366,0.0331558869162831,0,0,NA,NA,NA,NA,NA,NA,0,0,NA,NA,NA,NA,NA,NA,0,0,0,NA,NA,0.0109189438554991,0,0,0,NA,0,0,NA,NA,NA,NA,NA,NA,NA,NA,NA,NA,NA,NA,NA,NA,NA,NA,NA,NA,NA,NA,NA,NA,NA,NA,0
"21",9,2005,NA,0.0178014785124949,0.0216598764730252,NA,0,0,0,0,0.00611439182477954,0,NA,0,0.00736619787528166,NA,0.00423231403887141,0,0,0.103568320153561,0.0232737473585374,0.0130109438339411,0.0217713830112638,NA,0,NA,0.00076284564508934,NA,0,0,0,0,0,NA,NA,NA,0.0267366501142944,0,0,0,NA,NA,NA,NA,NA,NA,0,0,NA,NA,NA,NA,NA,NA,0,0,0,NA,NA,0.00490734922183656,0,0.0284360990765344,0,NA,0,0.00958807807746886,NA,NA,NA,NA,NA,NA,NA,NA,NA,NA,NA,NA,NA,NA,NA,NA,NA,NA,NA,NA,NA,NA,NA,NA,0
"22",10,2005,NA,0,0,NA,0,0,0,0,0.0207137036639675,0.00589826313943968,NA,0.00704256264559725,0.0204912018481027,NA,0,0.0336605268208321,0,0,0,0.0217019013754793,0.0568272967290855,NA,0,NA,0,NA,0,0.0121767113167018,0.00915648750058784,0,0,NA,NA,NA,0,0.0199495790227234,0,0.0102598175833328,NA,NA,NA,NA,NA,NA,0,0,NA,NA,NA,NA,NA,NA,0,0,0,NA,NA,0.00429370691387972,0,0,0,NA,0,0,NA,NA,NA,NA,NA,NA,NA,NA,NA,NA,NA,NA,NA,NA,NA,NA,NA,NA,NA,NA,NA,NA,NA,NA,0
"23",11,2005,NA,0,0,NA,0.00886548329754159,0,0,0.0123537980349851,0,0,NA,0,0.00223027785619689,NA,0,0.011156566637769,0.0186946406074447,0,0.00749678451945104,0,0,NA,0,NA,0.00390369544205125,NA,0.00721317440555481,0,0,0,0,NA,NA,NA,0,0,0,0,NA,NA,NA,NA,NA,NA,0,0,NA,NA,NA,NA,NA,NA,0,0,0,NA,NA,0,0,0,0,NA,0,0.0237474321386278,NA,NA,NA,NA,NA,NA,NA,NA,NA,NA,NA,NA,NA,NA,NA,NA,NA,NA,NA,NA,NA,NA,NA,NA,0
"24",12,2005,NA,0.0119552852317805,0,NA,0,0.020611632765829,0.0199930442774565,0,0.00499202446046862,0,NA,0,0,NA,0.0167979669313823,0.0126104431991028,0,0.00975900072948533,0.0141919127852915,0,0,NA,0,NA,0.00424330339757694,NA,0,0.0614048199208551,0,0,0,NA,NA,NA,0,0,0,0,NA,NA,NA,NA,NA,NA,0,0,NA,NA,NA,NA,NA,NA,0,0,0,NA,NA,0,0,0,0,NA,0,0,NA,NA,NA,NA,NA,NA,NA,NA,NA,NA,NA,NA,NA,NA,NA,NA,NA,NA,NA,NA,NA,NA,NA,NA,0
"25",1,2006,NA,0.0105534939631992,0,NA,0.0165765469735587,0,0,0.0181695630569162,0.0156749538523725,0,NA,0,0.0101115533573769,NA,0,0,0.0174247551276023,0,0.00349212002985436,0.0197702032596539,0,NA,0.00952264380154564,NA,0.0191148801700773,NA,0,0.00992001250025109,0.0147199766076508,0,0,NA,NA,NA,0,0,0,0,NA,NA,NA,NA,NA,NA,0,0.0357040714213551,NA,NA,NA,NA,NA,NA,0,0,0,NA,NA,0,0,0,0,NA,0,0.0263271446619906,NA,NA,NA,NA,NA,NA,NA,NA,NA,NA,NA,NA,NA,NA,NA,NA,NA,NA,NA,NA,NA,NA,NA,NA,0
"26",2,2006,NA,0,0,NA,0,0,0,0,0,0,NA,0,0,NA,0,0.00832448455118106,0.00959898415559918,0.0270369035217938,0,0.0590921282578712,0,NA,0,NA,0.0131717716732105,NA,0,0.0072786885033554,0,0,0,NA,NA,NA,0,0.000808404658943225,0,0.0558929726199833,NA,NA,NA,NA,NA,NA,0,0.0224014854615795,NA,NA,NA,NA,NA,NA,0,0,0,NA,NA,0.0373270501892795,0,0.0428374847500723,0,NA,0,0.0194807215428472,NA,NA,NA,NA,NA,NA,NA,NA,NA,NA,NA,NA,NA,NA,NA,NA,NA,NA,NA,NA,NA,NA,NA,NA,0
"27",3,2006,NA,0,0,NA,0.00906261930788558,0,0,0.0104445886939528,0,0,NA,0,0,NA,0,0.00758848173177042,0.000214364208004231,0.00812058944719163,0.0184590164826849,0,0,NA,0.00895044353885919,NA,0,NA,0.00961063503916375,0.00123278438699694,0,0,0,NA,NA,NA,0.00787593150037311,0.00033350684909523,0,0,NA,NA,NA,NA,NA,NA,0,0.000977864001149856,NA,NA,NA,NA,NA,NA,0,0,0,NA,NA,0.0191016693934187,0,0.0285290534117253,0,NA,0.031370610508713,0,NA,NA,NA,NA,NA,NA,NA,NA,NA,NA,NA,NA,NA,NA,NA,NA,NA,NA,NA,NA,NA,NA,NA,NA,0
"28",4,2006,NA,0.00368928079466813,0,NA,0.00633358045201727,0,0,0.00929312061109397,0,0,NA,0.0109273863508746,0.011086859435428,NA,0.0025498774873194,0.00469969851463254,0,0.000648020503610353,0.00637604979933799,0.0414436357371445,0,NA,0,NA,0,NA,0,0,0,0,0,NA,NA,NA,0,0,0,0.0792301442626004,NA,NA,NA,NA,NA,NA,0,0.000955735072924873,NA,NA,NA,NA,NA,NA,0,0,0,NA,NA,0,0,0,0.0131993146343573,NA,0,0.00689002877706046,NA,NA,NA,NA,NA,NA,NA,NA,NA,NA,NA,NA,NA,NA,NA,NA,NA,NA,NA,NA,NA,NA,NA,NA,0
"29",5,2006,NA,0,0.0416445740210225,NA,0,0,0.0409843783769369,0.0267775846384598,0.062983988979186,0.0582344967522391,NA,0.0104698524406565,0.0340294026959497,NA,0.0368704619563777,0.00635713801445001,0.0276695488611501,0,0,0.00512597210302163,0,NA,0.0509400877926591,NA,0.0155838573607907,NA,0,0.0175093958409669,0.03470550141581,0,0,NA,NA,NA,0,0,0,0,NA,NA,NA,NA,NA,NA,0,0,NA,NA,NA,NA,NA,NA,0,0,0,NA,NA,0,0,0,0.0502493679316471,NA,0,0.02154318182502,NA,NA,NA,NA,NA,NA,NA,NA,NA,NA,NA,NA,NA,NA,NA,NA,NA,NA,NA,NA,NA,NA,NA,NA,0
"30",6,2006,NA,0,0,NA,0,0,0,0,0,0,NA,0,0.0246028246416515,NA,0,0.0299267533083707,0,0,0.00459247097744722,0.0141250546924479,0,NA,0,NA,0.00150127099772001,NA,0,0,0,0,0,NA,NA,NA,0.0195538834951977,0,0,0.0531495123758014,NA,NA,NA,NA,NA,NA,0,0,NA,NA,NA,NA,NA,NA,0,0,0,NA,NA,0,0,0,0,NA,0,0.016578073973429,NA,NA,NA,NA,NA,NA,NA,NA,NA,NA,NA,NA,NA,NA,NA,NA,NA,NA,NA,NA,NA,NA,NA,NA,0
"31",7,2006,NA,0,0.0130234322568226,NA,0,0,0.0197982812235644,0.00957319132258966,0,0,NA,0,0.0219092782993149,NA,0,0.0095765266639195,0.00061696749182378,0,0.00102951418127995,0,0,NA,0,NA,0,NA,0,0,0.0399914177215343,0,0,NA,NA,NA,0,0.0151453947603419,0,0.0340447302138217,NA,NA,NA,NA,NA,NA,0,0,NA,NA,NA,NA,NA,NA,0,0,0,NA,NA,0,0,0.0296911557462736,0,NA,0,0.0152607923936776,NA,NA,NA,NA,NA,NA,NA,NA,NA,NA,NA,NA,NA,NA,NA,NA,NA,NA,NA,NA,NA,NA,NA,NA,0
"32",8,2006,NA,0,0,NA,0.0140082706542509,0,0.00545181711398893,0,0.00700715948997356,0.00488825281670154,NA,0,0.0173659523004463,NA,0.00970728442895053,0,0.00925427967046155,0,0.00465242105199235,0.00584068208846888,0,NA,0.0256752004654483,NA,0,NA,0,0.00138014405481669,0.0225714249009817,0,0,NA,NA,NA,0.00621190021318019,0,0,0.0478573916926974,NA,NA,NA,NA,NA,NA,0,0,NA,NA,NA,NA,NA,NA,0,0,0,NA,NA,0,0,0,0.0288417984405432,NA,0,0.00609439122321739,NA,NA,NA,NA,NA,NA,NA,NA,NA,NA,NA,NA,NA,NA,NA,NA,NA,NA,NA,NA,NA,NA,NA,NA,0
"33",9,2006,NA,0.0184749708846218,0,NA,0.0109351730990663,0.0117960831590698,0.0238617723445718,0,0,0.0172029226396741,NA,0.0150685907830674,0.0129522540086266,NA,0.00903433506924819,0.0416408334805533,0.00580783158004649,0,0,0.00671013503726165,0,NA,0,NA,0,NA,0,0.00237024699431604,0.011124704308479,0,0,NA,NA,NA,5.19740113599292e-06,0.0102597835208515,0,0.0639168771741096,NA,NA,NA,NA,NA,NA,0,0,NA,NA,NA,NA,NA,NA,0,0,0,NA,0,0.00971115519662814,0,0.0157675809475929,0,NA,0,8.64529372622683e-05,NA,NA,NA,NA,NA,NA,NA,NA,NA,NA,NA,NA,NA,NA,NA,NA,NA,NA,NA,NA,NA,NA,NA,NA,0
"34",10,2006,NA,0,0.0142003257840945,NA,0.012080937665105,0.0120979698479963,0.0169971332770724,0.00622581442006288,0.0110282715307626,0.0146315017002162,NA,0.0120825298626323,0.00894155982883628,NA,0,0.00100017588003315,0,0,0,0.0026381701537172,0.00905885448325937,NA,0,NA,0,NA,0.00975900072948533,0,0,0,0,NA,NA,NA,0.00569179045085859,0,0,0.00756042542727172,NA,NA,NA,NA,NA,NA,0,0,NA,NA,NA,NA,NA,NA,0,0,0,NA,0,0,0,0.00577552623841413,0,NA,0,0.0127047014726669,NA,NA,NA,NA,NA,NA,NA,NA,NA,NA,NA,NA,NA,NA,NA,NA,NA,NA,NA,NA,NA,NA,NA,NA,0
"35",11,2006,NA,0,0,NA,0.012236481143606,0,0.0205786209759163,0,0.00890631893790154,0.00316381677075566,NA,0,0.0172088038993867,NA,0,0,0.00359009375961952,0,0,0,0,NA,0.0160038604803957,NA,0,NA,0,0,0.018389443374297,0,0,NA,NA,NA,0.0104252628985405,0,0,0,NA,NA,NA,NA,NA,NA,0,0,NA,NA,NA,NA,NA,NA,0,0,0,NA,0,0.0234351020505273,0,0.0207435999654205,0,NA,0,0.00295727291875616,NA,NA,NA,NA,NA,NA,NA,NA,NA,NA,NA,NA,NA,NA,NA,NA,NA,NA,NA,NA,NA,NA,NA,NA,0
"36",12,2006,NA,0,0,NA,0.00969881228722248,0,0,0.0113134760443088,0,0,NA,0.00627538491549942,0.0130237717582273,NA,0,0.013614507572701,0.00445293421247934,0,0,0,0,NA,0.00867976995390611,NA,0.0118804757851815,NA,0,0,0.0146873661027631,0,0,NA,NA,NA,0.0181080250343026,0.00573475657971273,0,0.0048426219142228,NA,NA,NA,NA,NA,NA,0,0,NA,NA,NA,NA,NA,NA,0,0,0,NA,0,0,0,0,0.00545806155564097,NA,0,0.00482813346985853,NA,NA,NA,NA,NA,NA,NA,NA,NA,NA,NA,NA,NA,NA,NA,NA,NA,NA,NA,NA,NA,NA,NA,NA,0
"37",1,2007,NA,0.0093386704513723,0.0236517846982836,NA,0.00882594195833405,0.0207505532391339,0.00827601711193165,0.0217110329793461,0.00870990641202039,0.0187417026632122,NA,0.0152337494270534,0.0114531666325499,NA,0.0147555177647671,0.00786012321671495,0.00917866170622151,0,0,0.00447093541051413,0.014540699209814,NA,0.00948581328208996,NA,0.0104644517580898,NA,0,0.00197490528187602,0,0,0,NA,NA,NA,0.00214020533661121,0,0,0,NA,NA,NA,NA,NA,NA,0,0,NA,NA,NA,NA,NA,NA,0,0,0,NA,0,0.0206671487563971,0,0.0189067429570124,0.0237161721772946,NA,0,0.00595606656567585,NA,NA,NA,NA,NA,NA,NA,NA,NA,NA,NA,NA,NA,NA,NA,NA,NA,NA,NA,NA,NA,NA,NA,NA,0
"38",2,2007,NA,0,0.00742015009794372,NA,0.0316659935432946,0.00857622973886369,0,0.0051627317752089,0.0136444203254,0,NA,0,0.016167610618218,NA,0,0.00701995297072495,0.0122531353907415,0,0,0.0107807812120761,0.0229100721562539,NA,0.0222187894139479,NA,0.00427877568389346,NA,0,0.00916358678042393,0.0135790705696431,0,0,NA,NA,NA,0.00133515572813614,0.00185547379867053,0,0.0140352972518157,NA,NA,NA,NA,NA,NA,0,0,NA,NA,NA,NA,NA,NA,0,0,0,NA,0,0.0232318485044391,0,0.0113127629172977,0.0163896465393999,NA,0,0.0265590803681547,NA,NA,NA,NA,NA,NA,NA,NA,NA,NA,NA,NA,NA,NA,NA,NA,NA,NA,NA,NA,NA,NA,NA,NA,0
"39",3,2007,NA,0,0.0124837195973339,NA,0,0.00793019183311071,0.00828735534827643,0.00495433365837823,0,0.00612982263319044,NA,0,0,NA,0,0.000345945840959452,0.00282496390010606,0,0,0.0108912136609509,0,NA,0.0260998120229196,NA,0.043084478491735,NA,0,0,0,0,0,NA,NA,NA,0.00223689520748084,0.000235156687587963,0,0.0269893910284573,NA,NA,NA,NA,NA,NA,0,0,NA,NA,NA,NA,NA,NA,0,0,0,NA,0,0.0143768031151269,0,0.0155370518804658,0,NA,0,0,NA,NA,NA,NA,NA,NA,NA,NA,NA,NA,NA,NA,NA,NA,NA,NA,NA,NA,NA,NA,NA,NA,NA,NA,0
"40",4,2007,NA,0.000440738402279653,0.00716557303419638,NA,0.0132078000069636,0.00401674225428251,0.0115431600535366,0,0.00895991434159971,0.00814998965477894,NA,0,0.00912361403614116,NA,0,0.00917795673202128,0.00288444518123603,0,0,0,0,NA,0.00831476663250043,NA,0.00232232800522713,NA,0,0.0102446622415072,0,0,0,NA,NA,NA,0.00906706051144913,0,0,0,NA,NA,NA,NA,NA,NA,0,0,NA,NA,NA,NA,NA,NA,0,0,0,NA,0,0.00298435163565436,0,0,0,NA,0,0.0011177557066034,NA,NA,NA,NA,NA,NA,NA,NA,NA,NA,NA,NA,NA,NA,NA,NA,NA,NA,NA,NA,NA,NA,NA,NA,0
"41",5,2007,NA,0.00563469832815874,0.0149851731297792,NA,0,0.030918146875422,0.0136205626601971,0,0.019300550103479,0.0257733573791567,NA,0.0143420820252709,0.00172976130753076,NA,0.00998504093372764,0,0,0,0.0345608420606367,0,0.0198895467165908,NA,0.0337103529942182,NA,0.000413914921282077,NA,0,0,0.0198460926622806,0,0,NA,NA,NA,0.00211855836584366,0,0,0.0353926328967299,NA,NA,NA,NA,NA,NA,0,0,NA,NA,NA,NA,NA,NA,0,0,0,NA,0,0,0,0.0442433016198334,0.0231301610222882,NA,0,0.00901510048667715,NA,NA,NA,NA,NA,NA,NA,NA,NA,NA,NA,NA,NA,NA,NA,NA,NA,NA,NA,NA,NA,NA,NA,NA,0
"42",6,2007,NA,0,0,NA,0.00847610958436849,0,0,0.0051421885931348,0.0176493448848497,0,NA,0,0.00299795676193763,NA,0,0.000739265331252483,6.62987211117432e-07,0.0793803342137644,0.0474126359551354,0.00269994298320406,0.00891599886539896,NA,0.00393401626429386,NA,0.00776513616614043,NA,0,3.43710955775343e-05,0.025158797740402,0,0,NA,NA,NA,0.00435493276028817,0,0,0.0465764354756006,NA,NA,NA,NA,NA,NA,0,0,NA,NA,NA,NA,NA,NA,0,0,0,NA,0,0.00889128285270329,0,0.0112505577130666,0.00839358271802292,NA,0,0,NA,NA,NA,NA,NA,NA,NA,NA,NA,NA,NA,NA,NA,NA,NA,NA,NA,NA,NA,NA,NA,NA,NA,NA,0
"43",7,2007,NA,0.00761318529729721,0.00212202933924495,NA,0.0100306520984916,0.00542589741801892,0.0143655861082135,0.00740570854721119,0.0130401109371886,0.0104896285737848,NA,0.0147160490469694,0.0317692833891769,NA,0.0066957870107539,0.00161748594492943,0.0130960027440951,0.00562090189711243,0.00910165874025902,0,0.00799216794864574,NA,0.00120720855448182,NA,0.0168490651547464,NA,0,0.00149851544627403,0.0201219872115476,0,0,NA,0,NA,0,0,0,0,NA,NA,NA,NA,NA,NA,0,0,NA,NA,NA,NA,NA,NA,0,0,0,NA,0,0,0,0.0147669610682478,0.0143370860708078,NA,0,0.00512074188687547,NA,NA,NA,NA,NA,NA,NA,NA,NA,NA,NA,NA,NA,NA,NA,NA,NA,NA,NA,NA,NA,NA,NA,NA,0
"44",8,2007,NA,0.0105417427087382,0.00727777675022575,NA,0.00687286618521807,0.0145129305629272,0.0160065801550792,0,0.0226632156726651,0.0157118156967926,NA,0.00557191384182562,0.0126056007857362,NA,0.0139893606695652,0,0.0012222648908047,0,0.00930484210398471,0.00786324682484804,0.0130783283552252,NA,0.0191017512461355,NA,0,NA,0.00593926089565976,0.000306887928997835,0.0199520865875197,0,0,NA,0.026398355736444,NA,0.0042487498915831,0,0,0.0101032929419584,NA,NA,NA,NA,NA,NA,0,0.00212314667653355,NA,NA,NA,NA,NA,NA,0,0,0,NA,0,0.0126130082200417,0,0.00576325018474532,0.0161972945296768,NA,0,0,NA,NA,NA,NA,NA,NA,NA,NA,NA,NA,NA,NA,NA,NA,NA,NA,NA,NA,NA,NA,NA,NA,NA,NA,0
"45",9,2007,NA,0.0100745659203671,0.0122070864152317,NA,0.00928607262903774,0.0059150777434578,0,0,0.0151613346668325,0,NA,0,0.0139682797387102,NA,0.00676919694535665,0,0.00111761154312814,0.0108210219717429,0,0,0.00700392814945835,NA,0.00499868315185013,NA,0.00428682120537965,NA,0,0.00563915843304784,0.0092063866054868,0,0,NA,0.0184250810466729,NA,0.00430223332186321,0,0,0.0125478297181175,NA,NA,NA,NA,NA,NA,0.0730227479502832,0,NA,0,NA,NA,NA,NA,0,0,0,NA,0,0.0155486571365446,0,0.00766040034551102,0.0110957181652452,NA,0,0.010818323456051,NA,NA,NA,NA,NA,NA,NA,NA,NA,NA,NA,NA,NA,NA,NA,NA,NA,NA,NA,NA,NA,NA,NA,NA,0
"46",10,2007,NA,0,0.00410621847734813,NA,0,0,0,0,0,0,0,0.00716375294907133,0,NA,0,0.00150463720171145,0.00114183123030206,0,0.00904637424708549,0.000500260320167056,0.000902709779742921,NA,0.0178103422681236,NA,0.00725047214008245,NA,0.00101507369253001,0.0126884210170524,0,0,0,NA,0,NA,0.00145637295022095,0,0,0.0267459576752713,NA,NA,NA,NA,NA,NA,0,0.00506543244417379,NA,0.0131108639671875,NA,NA,NA,NA,0,0,0,NA,0,0.0131262643047558,0,0,0,NA,0,0.00197298643733734,NA,NA,NA,NA,NA,NA,NA,NA,NA,NA,NA,NA,NA,NA,NA,NA,NA,NA,NA,NA,NA,NA,NA,NA,0
"47",11,2007,NA,0.010786000921968,0.0136278242418896,NA,0,0.00603468647270115,0.00417288367826919,0.00283569404461836,0,0,0.00387102304316207,0.00724562291236481,0.00805228739430463,NA,0,0.0276080052271649,0,0,0.00690166885888977,0.00461266051831377,0.00730530614675446,NA,0.008618163251275,NA,0.0337877060496407,NA,0,0.0198432433847025,0.00913849889872942,0,0,NA,0,NA,0.0035505847948997,0,0,0,NA,NA,NA,NA,NA,NA,0,0,NA,0.00878288881279459,NA,NA,NA,NA,0,0,0,NA,0,0.0204823297510531,0,0.00573144722577801,0.013621746047835,NA,0.0181417321353345,0.00546722728695261,NA,NA,NA,NA,NA,NA,NA,NA,NA,NA,NA,NA,NA,NA,NA,NA,NA,NA,NA,NA,NA,NA,NA,NA,0
"48",12,2007,0.022799068070576,0.00599846626420905,0,NA,0.00442501279178139,0.00442052019585087,0.00749005112758479,0.0192376730238825,0,0,0.0101123559954219,0.00899865825898416,0.00384361015428143,NA,0.00722537120153723,0.0358422876212093,0.00187858876917853,0.00345796205947148,0.0119465456929452,3.30547653518089e-05,0,NA,0.013426207818649,NA,0,NA,0,0,0,0,0,NA,0.0086988898583399,NA,0,0.0128247294010644,0,0.0102936870857507,NA,NA,NA,NA,NA,NA,0.00533065674332932,0,NA,0.0201896124646419,NA,NA,NA,NA,0,0,0,NA,0,0.0189308893068394,0,0.0212330313206847,0.00667338653333971,NA,0,0.0164638983957626,NA,NA,NA,NA,NA,NA,NA,NA,NA,NA,NA,NA,NA,NA,NA,NA,NA,NA,NA,NA,NA,NA,NA,NA,0
"49",1,2008,0.0422532812545674,0,0,NA,0.0332920229692872,0,0,0,0.0115092796550652,0.0236560482423137,0.0250515012816624,0.0240610268543315,0.00703125983043608,NA,0,0.00262647545448124,0.00501485030701704,0,0,0.00514214959357559,0,NA,0.0224904910824601,NA,0.00276415217259373,NA,0,0.00102245959704689,0,0,0,NA,0.0434924847607367,NA,0,0.00874814214745488,0,0.0222708371948006,NA,NA,NA,NA,NA,NA,0,0,NA,0,NA,NA,NA,NA,0,0,0,NA,0,0.0117142730654323,0,0,0,NA,0.000670619231457333,0.0038770175743431,NA,NA,NA,NA,NA,NA,NA,NA,NA,NA,NA,NA,NA,NA,NA,NA,NA,NA,NA,NA,NA,NA,NA,NA,0
"50",2,2008,0.00870197797094623,0.0110919441643406,0,NA,0.0193622667723652,0,0,0,0.00822030924451077,0.00421828692340322,0.0268001035360019,0,0.00536828279186154,NA,0,0.0021405850233325,0.00348460075959288,0.00800607392564815,0.00449081435921668,0.0331375866541323,0,NA,0.0186957595289636,NA,0.00232795626924092,NA,0,0,0,0,0,NA,0.0149348740849162,NA,0,0.00193580825987663,0,0,NA,NA,NA,NA,NA,NA,0,0,NA,0,NA,NA,NA,NA,0,0,0,NA,0,0.0223256556179123,0,0,0,NA,0,0.00223038767731649,NA,NA,NA,NA,NA,NA,NA,NA,NA,NA,NA,NA,NA,NA,NA,NA,NA,NA,NA,NA,NA,NA,NA,NA,0
"51",3,2008,0.0142788072557915,0.0195839503628859,0.0169343010753356,NA,0.0263449562363741,0.0159759879251981,0.0233716313724989,0.0143534721071465,0.0168747136633518,0.0149497832321214,0.00894364622829628,0.0115856768999326,0.00147278067492453,NA,0.0231449572591064,0,0,0.0150299859940987,0,0.00360136571658504,0.0233983672755313,NA,0.00220668465101503,NA,0.004993421352521,NA,0,0,0,0,0,NA,0.0278854973985506,NA,0.00353992531076393,0.00379991981873769,0,0.10205731662661,NA,NA,NA,NA,NA,NA,0,0.000193420619467985,NA,0.0433308884852649,NA,NA,NA,NA,0,0,0,NA,0,0.0235635064993381,0,0.0306626719010029,0.0718370351105728,NA,0,0,NA,NA,NA,NA,NA,NA,NA,NA,NA,NA,NA,NA,NA,NA,NA,NA,NA,NA,NA,NA,NA,NA,NA,NA,0
"52",4,2008,0,0,0,NA,0.0126710049322913,0,0.0160789724714138,0.010458915250995,0.0136799695364793,0.00841891760744022,0.0117160881048079,0.00567360016735372,0.0169465276728088,NA,0.00866748706994684,0.0175271038069526,0,0.0254845980725211,0.0129070655281532,0.0015169430745815,0,NA,0,NA,0.010558455491708,NA,0.0078933094192949,0,0.0170002503271172,0,0,NA,0,NA,0.0022471145684338,0.00261401802465785,0,0,NA,NA,NA,NA,NA,NA,0,0.00920511995757274,NA,0.0109819405307536,NA,NA,NA,NA,0,0,0,NA,0,0.0191799028850801,0,0.0055195530304607,0,NA,0,0.00132055513308473,NA,NA,NA,NA,NA,NA,NA,NA,NA,NA,NA,NA,NA,NA,NA,NA,NA,NA,NA,NA,NA,NA,NA,NA,0
"53",5,2008,0.0362299383368006,0.00115032337777569,0,NA,0,0,0.00741664896545226,0,0.00620565185772575,0.00576294155000477,0.00471397566284161,0,0.00186153413240976,NA,0,0,0.00111533140551103,0.0221943716851552,0,0.00257084723072084,0.00760248738373288,NA,0.0295949281546537,NA,0,NA,0.00975900072948533,0.00891632155621506,0,0,0,NA,0.00500749819107646,NA,0.00851918506195761,0.000224344885859781,0,0,NA,NA,NA,NA,NA,NA,0,0,NA,0,NA,NA,NA,NA,0,0,0,NA,0,0,0,0,0.00647193941459401,NA,0,0,NA,NA,NA,NA,NA,NA,NA,NA,NA,NA,NA,NA,NA,NA,NA,NA,NA,NA,NA,NA,NA,NA,NA,NA,0
"54",6,2008,0,0.00828402613644045,0.0190870753517092,NA,0.00826474554012019,0.015382680919679,0.0165744195027896,0,0.0108252787669809,0.0192475520043101,0.0067152994647017,0,0,NA,0.0184471717927194,0.00026976305305963,0.00110069891909782,0.0257054682242105,0,0.00789214117777794,0,NA,0,NA,0.0439113118853039,NA,0,0,0.0124695656541404,0,0,NA,0.002186266566791,NA,0.00352860230587681,0,0,0,NA,NA,NA,NA,0,NA,0,0,NA,0.0266932257651741,NA,NA,NA,NA,0,0,0,NA,0,0.000231805752750217,0,0.0153211791834195,0,NA,0,0,NA,NA,NA,NA,NA,NA,NA,NA,NA,NA,NA,NA,NA,NA,NA,NA,NA,NA,NA,NA,NA,NA,NA,NA,0
"55",7,2008,0,0.00825846870628348,0.01608899266465,NA,0.0165876776175081,0,0,0.00796396957915022,0,0.00260400709323293,0.00741421348864027,0,0.00420542958370879,NA,0.00989457127757324,0,0,0.000277385810526099,0,0.0133933333371324,0,NA,0.0219710124291177,NA,0.00914529295747135,NA,0,0,0.0140876012148416,0,0,NA,0.0130874913494824,NA,0,0.00214397286717911,0,0,NA,NA,NA,NA,0,NA,0,0,NA,0.0145622196577051,NA,NA,NA,NA,0,0,0,NA,0,0.00341085427816048,0,0.0294150599217594,0,NA,0,0.000814964874822764,NA,NA,NA,NA,NA,NA,NA,NA,NA,NA,NA,NA,NA,NA,NA,NA,NA,NA,NA,NA,NA,NA,NA,NA,0
"56",8,2008,0.010885968161986,0.0191220574645343,0,NA,0,0,0,0,0,0,0.00592642860224734,0.00477077072318324,0.000764590843050527,NA,0.00712531695813893,0,0.000228747895444331,0,0.00155451263912935,7.44973141232548e-05,0,NA,0.0129474913672343,NA,0,NA,0,0.00616901638352753,0.00778306705879188,0,0,NA,0.0221996701620695,NA,0,0,0,0.00881140068950318,NA,NA,NA,NA,0,NA,0,0.00707467025163251,NA,0.0105956594114119,NA,NA,NA,NA,0,0,0,NA,0,0.0046189614541808,0,0,0.0250051699722591,NA,0,0.00339210101602364,NA,NA,NA,NA,NA,NA,NA,NA,NA,NA,NA,NA,NA,NA,NA,NA,NA,NA,NA,NA,NA,NA,NA,NA,0
"57",9,2008,0,0,0.00612779989153631,NA,0,0,0,0,0,0,0.00461004564844358,0,0.00308002694653925,NA,0,0,5.57551229676956e-05,1.72508879995039e-05,3.54099486068939e-05,0.00230831996729842,0.00582338535565677,NA,0.010918226988187,NA,0.0113328393962409,NA,0,0.00198116195380186,0,0,0,NA,0,NA,0.00373492621113575,0,0,0.0130806553046149,NA,NA,NA,NA,0,NA,0,0,NA,0.0137890904818674,NA,NA,NA,NA,0,0,0,NA,0,0.0191866928713454,0,0,0,NA,0.0349159238852354,0.00507468037933237,NA,NA,NA,NA,NA,NA,NA,NA,NA,NA,NA,NA,NA,NA,NA,NA,NA,NA,NA,NA,NA,NA,NA,NA,0
"58",10,2008,0,0.00385245436111795,0,NA,0.0300167812778403,0,0,0,0,0.0208031252391287,0.0165235803865931,0,0.0295093225516426,NA,0.0183542972105736,0.00477359019464518,0,0.00930484210398471,0,0,0,NA,0,NA,0,NA,0,0,0,0,0,NA,0.0357950506410703,NA,0.00324587515904456,0,0,0.0173924667403333,NA,NA,NA,NA,0,NA,0,0,NA,0,NA,NA,NA,NA,0,0,0,NA,0,0.0104557056963697,0,0,0.0282995652854891,NA,0,0.00353348438568714,NA,NA,NA,NA,NA,NA,NA,NA,NA,NA,NA,NA,NA,NA,NA,NA,NA,NA,NA,NA,NA,NA,NA,NA,0
"59",11,2008,0.0131018891692666,0.0289319852152132,0.0271000701901449,NA,0.0363644581551396,0.0132210698709651,0,0.0196912904616809,0,0,0,0.00405767096989059,0.00707185348772333,NA,0.0246400963386045,0.020832969706643,0,0.0152207753440111,0,0.0085168001329427,0.00940852511459262,NA,0.0242031687721557,NA,0.00785192891217765,NA,0,0,0.0108147614087175,0,0,NA,0.0448698273515504,NA,0,0.00357091179405937,0,0.0178984615492109,NA,NA,NA,NA,0,NA,0,0,NA,0,NA,NA,NA,NA,0,0,0,NA,0,0,0,0.017477968664966,0.0351826778813926,NA,0,0.0467659028063534,NA,NA,NA,NA,NA,NA,NA,NA,NA,NA,NA,NA,NA,NA,NA,NA,NA,NA,NA,NA,NA,NA,NA,NA,0
"60",12,2008,0,0.0119246437771654,0,NA,0,0,0.00579478399465831,0.00832589702568233,0.00545031634730223,0,0,0,0.000692565725092212,NA,0.0100803385754697,0,0,0.0305249292271734,0,0.00111097647842383,0,NA,0.00476084531489124,NA,0.0387045846858752,NA,0,0.000935209209218874,9.02680411707555e-05,0,0,NA,0.0198137463089118,NA,0,0,0,0.00767293028833199,NA,NA,NA,NA,0,NA,0,0,NA,0,NA,NA,NA,NA,0,0,0,NA,0,0.0106835840925021,0,0.0130122938416971,0,NA,0,0.00320104704572432,NA,NA,NA,NA,NA,NA,NA,NA,NA,NA,NA,NA,NA,NA,NA,NA,NA,NA,NA,NA,NA,NA,NA,NA,0
"61",1,2009,0,0,0,NA,0.00982364007155741,0,0,0,0.0153037455350748,0.0120538033795858,0,0,0.000121229820301929,NA,0,0.00555748942985344,0.00256668413859965,0,0,0,0,NA,0,NA,0,NA,0,0,0.0211079522420733,0,0,NA,0.0152329102529881,NA,0,0,0,0.0110791484072044,NA,NA,NA,NA,0,NA,0,0,NA,0.0299655693202923,NA,NA,NA,NA,0,0,0,NA,0,0.0209670296434555,0,0.0322399479214048,0.015889948345469,NA,0,0,NA,NA,NA,NA,NA,NA,NA,NA,NA,NA,NA,NA,NA,NA,NA,NA,NA,NA,NA,NA,NA,NA,NA,NA,0
"62",2,2009,0,0.00250493016410159,0.0039921218292537,NA,0.0139474718817272,0.00569958358925312,0.0230049712513778,0,0.00992382871468754,0,0,0.00979887254798179,0.00322431307454265,NA,0.00528132860061356,0.00084464396068042,0,0,0,0.0100937772787538,0,NA,0.00712374488465568,NA,0.0649240542304643,NA,0,0,0.0107710147633336,0,0,NA,0.023648696385991,NA,0.0110949587909561,0,0,0.013686160095976,NA,NA,NA,NA,0,NA,0,0,NA,0.0386429435612847,NA,NA,NA,NA,0,0,0,NA,0,0.00633041796521949,0,0,0.0170594459995177,NA,0,0.000969933773178379,NA,NA,NA,NA,NA,NA,NA,NA,NA,NA,NA,NA,NA,NA,NA,NA,NA,NA,NA,NA,NA,NA,NA,NA,0
"63",3,2009,0.0134194646513177,0,0.0111286229323924,NA,0.0286175872278016,0.0107408050079909,0.0162935766664518,0.00596447850239196,0.00221885890930914,0.0149046353187893,0.00436400581046387,0.0165280072616666,0.00523236327872539,NA,0.0175335812515507,0.0283662867818596,0,0,0,0.0100460301167808,0.00304506212821578,NA,0,NA,0,NA,0,0.00149640789247649,0.00508472421586829,0,0,NA,0.0174853104893801,NA,0.00830604927942158,0.000238024369952322,0,0.00995528042798696,NA,NA,NA,NA,0,NA,0,0,NA,0.00953060624156456,NA,0,NA,NA,0,0,0,NA,0,0.00669184625477405,0,0.0131450489374099,0,NA,0,0.00397425370045548,NA,NA,NA,NA,NA,NA,NA,NA,NA,NA,NA,NA,NA,NA,NA,NA,NA,NA,NA,NA,NA,NA,NA,NA,0
"64",4,2009,0.0093125056050641,0.00824692052119274,0,NA,0,0,0.0200950587485625,0.0104242796453463,0,0,0,0.006059470861565,0.00312468212874778,NA,0,0.00173631945798988,0.00574058696518889,0.0801841504164677,0,0,0,NA,0,NA,0.00887186423321188,NA,0,0.00507871601890404,0.00331282861330495,0,0,NA,0,NA,0,0.000477212793511658,0,0.0113403799870908,NA,NA,NA,NA,0,NA,0,0,NA,0,NA,0,NA,NA,0,0,0,NA,0,0,0,0,0.00281721598547213,NA,0,0,NA,NA,NA,NA,NA,NA,NA,NA,NA,NA,NA,NA,NA,NA,NA,NA,NA,NA,NA,NA,NA,NA,NA,NA,0
"65",5,2009,0.0134767468288351,0.0175043988105628,0,NA,0.0141250322801587,0.00532412356961531,0,0.0103141315456533,0.0143502370966878,0.00341260263903822,0.0096412614498678,0.0152784551662797,0.00614483845037648,NA,0.0157756643760299,0.00624828326581396,0.00641236264857551,0,0,0.00683985571476697,0.0182644147175741,NA,0,NA,0,NA,0,9.95129234994658e-05,0.00390510794149171,0,0,NA,0.0265499976134908,NA,0.000768523140532808,0,0,0.00802125387284504,NA,NA,NA,NA,0,NA,0,0.00950061566132439,NA,0.00857589368694682,NA,0.0102597835208515,NA,NA,0,0,0,NA,0,0.0149467742241815,0,0,0,NA,0,0,NA,NA,NA,NA,NA,NA,NA,NA,NA,NA,NA,NA,NA,NA,NA,NA,NA,NA,NA,NA,NA,NA,NA,NA,0
"66",6,2009,0.00761529939737639,0.00816570439030502,0.0109497242139692,NA,0.00533037957462693,0.0103249229793989,0.00506303500291672,0,0.0107744931732654,0.0113490986611585,0,0.0100265131130681,0.00098621589060269,NA,0,0.00380968062901637,0.00850689927091074,0,0,0.00487950036474267,0,NA,0.00432753957956787,NA,0.00642857319260586,NA,0,0.00680114461284558,0,0,0,NA,0,NA,0.00035518743673704,0.00119889441069736,0,0,NA,NA,NA,NA,0,NA,0,0,NA,0.0134084353244533,NA,0.000887181875626848,NA,NA,0,0,0,NA,0,0.00726909639947318,0,0,0.00688117577084944,NA,0,0,NA,NA,NA,NA,NA,NA,NA,NA,NA,NA,NA,NA,NA,NA,NA,NA,NA,NA,NA,NA,NA,NA,NA,NA,0
"67",7,2009,0,0,0,NA,0.00261763541940448,0,0,0.00840630886672353,0,0,0,0.0135998018796348,0.000675625050412435,NA,0.00600358363780801,0,0,0.0053635432375957,0,0.00428512469232914,0.0110417730463598,0,0,NA,0,NA,0,0.00422947559535152,0.0266611532869305,0,0,NA,0,NA,0.00217538908472006,0.00138878239108077,0,0.0167185557660768,NA,0,NA,NA,0,NA,0,0,NA,0.00448517933511076,NA,0,NA,NA,0,0,0,NA,0,0.00506042506767323,0,0.00565425102937524,0,NA,0,0,NA,NA,NA,NA,NA,NA,NA,NA,NA,NA,NA,NA,NA,NA,NA,NA,NA,NA,NA,NA,NA,NA,NA,NA,0
"68",8,2009,0.00731753085143656,0.00124929309485487,0,NA,0.00399922028155787,0.0131710001217134,0,0,0,0.0104713009456291,0,0,0.0102194997787312,NA,0,0.00152857180247523,0,0,0.00197303526879503,0.00485934988719907,0,0,0,NA,0.0139416408271431,NA,0,0.0172801158613282,0,0,0,NA,0,0,0.00248731163727813,0.00301758341866158,0,0,NA,0,NA,NA,0,NA,0,0,NA,0.0103810965526246,NA,0,NA,NA,0,0,0,NA,0,0,0,0,0.0124024638698309,NA,0,0,NA,NA,NA,NA,NA,NA,NA,NA,NA,NA,NA,NA,NA,NA,NA,NA,NA,NA,NA,NA,NA,NA,NA,NA,0
"69",9,2009,0.0125057811414324,0.0214987342865783,0.00840938350866946,0,0,0.000567523973108146,0.00752358024967524,0.0141963248183178,0.0196159512261866,0.0258867992761303,0,0.0136513519662059,0.0353102963239109,NA,0.0110610255851799,0.00205858982930117,0,0,0.0055045803662274,0.00282869583957502,0,0,0.0482255318250316,NA,0,NA,0,0.093686913611632,0,0,0,NA,0,0,0.00121086529982952,0,0,0,NA,0,NA,NA,0,NA,0,0,NA,0.00467378888759408,NA,0,NA,NA,0,0,0,NA,0,0,0,0,0.0291604788632988,NA,0,0.000424304371056753,NA,NA,NA,NA,NA,NA,NA,NA,NA,NA,NA,NA,NA,NA,NA,NA,NA,NA,NA,NA,NA,NA,NA,NA,0
"70",10,2009,0.00996596011560468,0.008446354511319,0.00952417983362318,0.0781615387727607,0.0143120309763581,0,0,0.0221429258413566,0,0.00851366953321913,0.00910948069640464,0,0,NA,0.00498552478527899,0,0.00761226243915885,0.0216375363183758,0,0.00200007457242299,0,0,0,NA,0.00754691124103937,NA,0,0.0101044520818778,0.0131508196668805,0,0,NA,0.0122974844358202,0,0,0,0,0,NA,0,NA,NA,0,NA,0,0.00896360450028946,NA,0.0117218980528997,NA,0.0195762433984798,NA,NA,0,0,0,NA,0,0,0,0.00831211671158113,0.0234406081233596,NA,0.0178722147868981,0.00802688369238958,NA,NA,NA,NA,NA,NA,NA,NA,NA,NA,NA,NA,NA,NA,NA,NA,NA,NA,NA,NA,NA,NA,NA,NA,0
"71",11,2009,0.00974082129213638,0.0121141018380993,0.0145169234090524,0,0.0146868250515652,0.00565097496355631,0.0152696777640244,0,0.0119473038347077,0,0.00896776519208671,0.00851040449524675,0,NA,0.00538885289148508,0.075346170421603,3.26545311966607e-05,0.00421045171860599,0,0.0027178234261307,0.0153093246814071,0,0.0297957931935529,NA,0.0115165212465154,NA,0,0.0793158573223407,0.00623522758868584,0,0,0,0.0292287814338216,0.00738180261680798,0.000254585242308058,0,0,0.00834913405034427,NA,0,NA,NA,0,NA,0,0,NA,0.00700446799769654,NA,0,NA,NA,0,0,0,NA,0,0.00457489238643062,0,0.0239604199182223,0.0221235355525782,NA,0,0.0200065778656605,NA,NA,NA,NA,NA,NA,NA,NA,NA,NA,NA,NA,NA,NA,NA,NA,NA,NA,NA,NA,NA,NA,NA,NA,0
"72",12,2009,0,0,0,0.0253447117712411,0.0157437465517809,0.0072479825621239,0.0142365721498539,0.00801477516205056,0.0184392767506529,0,0.0119185287876064,0,0.0100959072235156,NA,0.0110897109897361,0.00916208293012709,0.00660303362429698,0,0.00664631574868261,0.00807582311738132,0,0.0431213190348753,0,NA,0,NA,0,0.0100523224948673,0,0,0,0.00123254029691067,0.00373564584422194,0.000934041054438562,0.00201609528356808,0,0,0,NA,0,NA,NA,0,NA,0,0,NA,0,NA,0,NA,NA,0,0,0,NA,0,0,0,0.00958142996208872,0.00987923289161642,NA,0,0.00436579190436858,NA,NA,NA,NA,NA,NA,NA,NA,NA,NA,NA,NA,NA,0,NA,NA,NA,NA,NA,NA,NA,NA,NA,NA,0
"73",1,2010,0.007159388190419,0,0.0113812077533526,0,0.00639254589243364,0.00706865281188051,0,0.0121305498469154,0.00799801962142849,0.00430421003178231,0.00644202287402949,0.00496050000791698,0.0117409774627215,NA,0.0101335128058351,0,0.00497831269271036,0,0,0.00646662828518266,0,0,0,NA,0,NA,0,0,0.035465397939018,0,0,0.00230005197403042,0.0238107722594985,0,0.00250238623460748,0,0,0.00651653261556018,NA,0,NA,NA,0,NA,0,0,NA,0,NA,0,NA,NA,0,0,0,NA,0,0.0111964642703005,0,0,0,NA,0,0.00195424447527659,NA,NA,NA,NA,NA,NA,NA,NA,NA,NA,NA,NA,NA,0,NA,NA,NA,NA,NA,NA,NA,NA,NA,NA,0
"74",2,2010,0.00215008960138473,0.00860527060117672,0.0113057591849476,0.00724395570802048,0,0,0,0,0.0090902924859801,0,0.00376330236432269,0.0209193026711195,0.00189732660087943,NA,0.0182950522650285,0.000688853006779544,0.00837143926907787,0.00518052345574981,0,0.000114632685765912,0,0,0.0213254302326679,NA,0.00382897546338844,NA,0,0.000397601566910691,0.0113997704620133,0,0,0.00652343438339937,0,0,0.00542468437651402,0,0,0.0117717912025574,NA,0,NA,NA,0,NA,0,0,NA,0,NA,0,NA,NA,0,0,0,NA,0,0.00753317540873999,0,0,0,NA,0,0,NA,NA,NA,NA,NA,NA,NA,NA,NA,NA,NA,NA,NA,0.0114677810126505,NA,NA,NA,NA,NA,NA,NA,NA,NA,NA,0
"75",3,2010,0.00178615239671667,0.0166499390789113,0.00850220130946239,0.010980205054224,0,0,0,0.00328390410998148,0,0.00787286312194644,0.00257910423712319,0,0,NA,0,0.0015400400486077,0.00184255181206263,0,0,0.023445608377305,0,0.00238752301512038,0.0150909830699063,NA,0.00869914296445623,NA,0,0.00531442159734383,0,0,0,0,0,0,0.0346348692443024,0,0,0,NA,0,NA,NA,0,NA,0,0.0329058631177568,NA,0.0166189548995378,NA,0,NA,NA,0,0,0,NA,0,0.00978643169777079,0,0.00253803235437998,0.00945326728356065,NA,0,0,NA,NA,NA,NA,NA,NA,NA,NA,NA,NA,NA,NA,NA,0,NA,NA,NA,NA,NA,NA,NA,NA,NA,NA,0
"76",4,2010,0,0.00865868827548131,0,0,0,0,0,0,0.00352593358577656,0,0,0.00305795878489953,0.00194168464887093,NA,0,0.0121433419911821,0,0.0193960139498521,0,0.00143927577450587,0.0125787853615805,0,0.00940254492521255,NA,0.00845121456666344,NA,0,0.00428031596928363,0,0,0,0.0177317646716263,0.00879361700993905,0,0.040460905143601,0,0,0.00726938680110306,NA,0,NA,NA,0,NA,0,0.0243971602586878,NA,0.0129507323779933,NA,0,NA,NA,0,0,0,NA,0,0.00291574130643535,0,0.00287256466298814,0.00547426480019901,NA,0,0.00274837984710538,NA,NA,NA,NA,NA,NA,NA,NA,NA,NA,NA,NA,NA,0.0112001199619201,NA,NA,NA,NA,NA,0.00104125055421122,NA,NA,NA,NA,0
"77",5,2010,0,0,0.0238013600412774,0.00564222597338717,0.0128381918427392,0,0,0,0.00974362528238441,0.0199674435239617,0.00679127226976792,0.0355239123313285,0.000423970321841679,NA,0,0.000553271343297815,0.00253393527412977,0,0.0102597835208515,0.00223939853738935,0.00362544541591614,0,0,NA,0.0178273679798914,NA,0,0.00208455932086235,0.0116009758237296,0,0,0.00899866961032172,0.00726944121493195,0,0,0,0,0.0197642643325815,NA,0,NA,NA,0,NA,0,0,NA,0,NA,0,NA,NA,0,0,0,NA,0,0,0,0,0.0160914770315286,NA,0,0,NA,NA,NA,NA,NA,NA,NA,NA,NA,NA,NA,NA,NA,0,NA,NA,NA,NA,NA,0,NA,NA,0,NA,0
"78",6,2010,0,0.0091089301606419,0.0101297696842616,0,0.0062036783642734,0.00958874463570309,0.00828986004175797,0.00569813556411073,0.006651773296615,0.0128288045041868,0,0.00766970639145922,0,NA,0,0,0,0,0.00401788892523721,0.00256815804047982,0,0.0027401082176831,0.00855856244567719,NA,0.00792860513275504,NA,0,0.0084348678913464,0.0111580770406618,0,0,0,0,0,0.0139414296274919,0,0,0.0130560112989883,NA,0,NA,NA,0,NA,0,0,NA,0.0023028084734018,NA,0,NA,NA,0,0,0,NA,0,0.00453839244814104,0,0,0.00400735654343111,NA,0,0.00432216812704208,NA,NA,NA,NA,NA,NA,NA,NA,NA,NA,NA,NA,NA,0,NA,NA,NA,NA,NA,0.00139414293347219,NA,NA,0,NA,0
"79",7,2010,0.00896217564247211,0,0,0.00789452312409586,0,0,0,0.00554558907811441,0,0.0105286694105718,0.00354998323755667,0.00458789721569893,0.00287029436090451,NA,0.0137030249294947,0.0124349887313013,0,0,0.019337725585475,0.00691699410086533,0.0082001183613951,0,0,NA,0.0165510078064079,NA,0,0,0.0229097860412434,0,0,0.00794070751330497,0,0.00402757063468092,0,0,0,0.00883524071897417,NA,0,NA,NA,0,NA,0,0.00371726847039583,NA,0.0101624111093984,NA,0,NA,NA,0,0,0,NA,0,0.00820705465719739,0,0,0.00763848764372509,NA,0,0,NA,NA,NA,NA,0.0881965015790418,NA,NA,NA,NA,NA,NA,NA,NA,0,NA,NA,NA,NA,NA,0.00227420522770685,NA,NA,0.0453793533921068,NA,0
"80",8,2010,0,0,0.00776006696255897,0.0084242221992767,0,0.00451154984751058,0.00813692919779028,0,0.0105051495236324,0,0,0.00981306604674931,0.00821149636821938,NA,0.0038790244513115,0.012509140913997,0,0.0436342516494524,0.00599851352652178,0.00997926915871432,0.0148734130444466,0,0.0165948937680616,NA,0.0126712698264962,NA,0,0,0,0,0,0,0.0104508861782715,0.0123712230489177,0.0159658572560073,0,0,0.0100174740970286,NA,0.0653228664105244,NA,NA,0,NA,0,0.00895368086521767,NA,0,NA,0,NA,NA,0,0,0,NA,0,0.00396181633496959,0,0.00363395193598403,0.00594348792994236,NA,0,0,NA,NA,NA,NA,0,NA,NA,NA,NA,NA,NA,NA,NA,0,NA,NA,NA,NA,NA,0,NA,NA,0.00713886976436053,NA,0
"81",9,2010,0,0.0137175656534558,0.014637270396002,0,0.0191615077033351,0,0.00556287422660342,0.0178988315809481,0.0040608153543016,0.00202180802829021,0,0,0.00548109982011223,NA,0,0.0140838621441834,0.00780720136430832,0,0.000604896728946032,0,0,0,0.029236709475942,NA,0,NA,0,0,0,0,0,0.0160200349379768,0.010231131645563,0.000711951580700542,0,0,0,0.00448554817093952,NA,0,NA,NA,0,NA,0,0.0247808545130078,NA,0.0332108562051837,NA,0,NA,NA,0,0,0,NA,0,0,0,0.01016325483484,0.0236698202186821,NA,0,0,NA,NA,NA,NA,0.00869677790084159,NA,NA,NA,NA,NA,NA,NA,NA,0.00800818937546837,NA,NA,NA,NA,NA,0,NA,NA,0,NA,0
"82",10,2010,0.0135641961015621,0.0155479594350816,0.00490233169413818,0,0,0,0,0.0092969222007347,0,0.00907056006919782,0,0,0.0166166995906974,NA,0.00478198548190239,0.00456822671548546,0,0.0330943111593419,0.0129516480531091,0.0243115152529745,0.010323505882833,0,0.0011420804878129,NA,0.00575774381051434,NA,0,0.0158439412159516,0.00978820613019657,0,0,0,0,0.00404438390576105,0,0,0,0,NA,0,NA,NA,0,NA,0,0.0183873952460533,NA,0,NA,0,NA,NA,0,0,0,NA,0,0,0,0.0205925404801992,0.0268971006653772,NA,0,0.0125119311730374,NA,NA,NA,NA,0,NA,NA,NA,NA,NA,NA,NA,NA,0,NA,NA,NA,NA,NA,0.00390812265711516,NA,NA,0,NA,0
"83",11,2010,0,0.0184070538025805,0.019397418559007,0.00940159609048918,0.0145245127127226,0,0,0.0145150621972463,0.0107383817078561,0.0144379197535437,0.00866630157540712,0.0161667694944504,0.0121477596107257,NA,0.0171091542487502,0.0161086805063056,0.00436967904137352,0.00263128969932891,0.000887181875626848,0.0114312997496764,0.0266986123658566,0,0.0107985920399414,NA,0.00930276224651593,NA,0,0.00689848218036818,0,0,0,0.0276445359594098,0.0132310220871452,0.00200630543364134,0.0083395486788037,0,0,0.0213850665950902,NA,0,NA,NA,0,NA,0,0,NA,0.0326355406104414,NA,0,NA,NA,0,0,0,NA,0,0.0109358479732185,0,0.00675791318244294,0.0151915560613394,NA,0,0.00330721692472447,NA,NA,NA,NA,0.0244945394423737,NA,NA,NA,NA,NA,NA,NA,NA,0,NA,NA,NA,NA,NA,0.00173141702397343,NA,NA,0,NA,0
"84",12,2010,0,0,0.00287529120093473,0,0,0,0,0.0111237920144626,0.00930297675739348,0,0,0.00418083610690023,0.00522236231519936,NA,0,0.00554633758352809,0.00665030715375154,0.0126649239645294,0.00169178945653387,0.00326043630645308,0,0,0.00762889251278419,NA,0.0127170037537698,NA,0,0.00370565190199107,0,0,0,0.0123073669784303,0.0109226983272572,0,0.0155344970582607,0,0,0.0421296583268188,NA,0,NA,0.0339935549864014,0,NA,0,0.00715794081689863,NA,0.00676035587366848,NA,0,NA,NA,0,0,0,NA,0,0.00797489329107746,0,0.0138431661453959,0.00699300282569133,NA,0,0.00541422103658242,NA,0,NA,NA,0,NA,NA,NA,NA,0,NA,NA,NA,0.00783410821599222,NA,NA,NA,NA,NA,0.00579710049446245,NA,NA,0,NA,0
"85",1,2011,0,0,0.0106798568326154,0,0,0.00271968111563864,0,0.00976128861198675,0.00714197785300891,0.00591033669202435,0.00714773754515652,0.0154571569990434,0,NA,0,0,0.00352433782685637,0.00952646518590517,0,0.00842065645372368,0.0082021858426056,0,0.0151115906692863,NA,0.0110781721326108,NA,0,0.00758445993517387,0,0,0,0,0,0,0,0,0,0.00363739281305173,NA,0,NA,0.0100293682324956,0,NA,0,0,NA,0.00219648849283656,NA,0,NA,NA,0,0,0,NA,0,0.00732455324692732,0,0,0.0132437333240829,NA,0,0,NA,0,NA,NA,0.0133699651014523,NA,NA,NA,NA,0,NA,NA,NA,0,NA,NA,NA,NA,NA,0.00918926508126946,NA,NA,0,NA,0
"86",2,2011,0,0.00410894417291866,0.00768950397542227,0,0,0.0071365470275878,0.00695276598285982,0.00882099021756965,0.0135450696711323,0.00799755791489177,0,0,0.00872204766505161,NA,0.0202560055727258,0,0.00825194478753377,0.0013153088024417,0.00142299495065957,0.00298945766098627,0,0,0.0117234743203011,NA,0.00541254349213701,NA,0.00589896081754937,0.00366487200530313,0.0101033409277698,0,0,0,0,0.00447159685187564,0.0109516571460242,0,0,0.00189922664631132,NA,0,NA,0,0,NA,0,0,NA,0.0193940321182678,NA,0.0108147614087175,NA,NA,0,0,0,NA,0,0.0119155375215368,0,0.0195737084223314,0.0181075626527281,NA,0,0.00627375664819181,NA,0,NA,NA,0.0155615672776682,NA,NA,NA,NA,0,NA,NA,NA,0,NA,NA,NA,NA,NA,0.000251359929089835,NA,NA,0,NA,0
"87",3,2011,0.0122990747855457,0.0039288531290801,0.00586059601848283,0,0,0,0,0,0.0233451345624049,0,0,0,0.00681819272657943,NA,0.00491059669711195,0,0.0205098882280441,0,0.0124064561076301,0.00397242374932368,0,0,0,NA,0,NA,0,0.00524453642875652,0.0036426032925732,0,0,0,0,0.00223877148529899,0.00130888227022438,0,0,0.020229979715055,NA,0,NA,0,0,NA,0,0.0119101978931004,NA,0.0167017907674874,NA,0,NA,NA,0,0,0,NA,0,0,0,0,0,NA,0,0,NA,0,NA,NA,0,0,NA,NA,NA,0,NA,NA,NA,0,NA,NA,NA,NA,NA,0,NA,NA,0,NA,0
"88",4,2011,0,0.0126822020444832,0.0108802656009711,0.00786884372706982,0.010518985724899,0.00443022525605115,0.0125763424904214,0.00735213485364007,0.0117986544945452,0.0102371277821412,0.0107788199721941,0.00706652847839169,0.00385978058471327,NA,0.00450521800603272,0.00488877966583729,0.00321569901766654,0,0,0,0.0234903095914203,0,0,NA,0.00839391220766609,NA,0,0.00399047626400108,0.00578076052563971,0,0,0.0180860192061906,0,0,0.00141790834104963,0,0,0.0143510805889835,NA,0,NA,0.00702317848771195,0,NA,0,0,NA,0.0146537349794963,NA,0,NA,NA,0,0,0,NA,0,0.0188748380768437,0,0.00744106850689895,0.013312385207586,NA,0,0.000267879459403037,NA,0,NA,NA,0.0304832119055642,0,NA,NA,NA,0,NA,NA,NA,0,NA,NA,NA,NA,NA,0,NA,NA,0.0219081885228989,NA,0
"89",5,2011,0.0115182414868498,0.0169473552692234,0,0,0.00452480154020224,0.00890305215397261,0.0188928634250952,0,0.000371444970024697,0.0155936979399785,0.00911819713576795,0.00434683228703561,0.00236276633087601,NA,0.0059307210323483,0.030227017413558,0,0,0.00181417325256946,0.00332528913022537,0.0183843968506499,0,0.0286584323701199,NA,0.00275733227388354,NA,0,0,0.0545575651176565,0,0,0,0.0116825127185984,0.00261725498760982,0,0,0,0.00801456656479887,NA,0,NA,0.00971068830387821,0,NA,0,0,NA,0.0102095343305082,NA,0,NA,NA,0,0,0,NA,0,0,0,0,0.0128053883352132,NA,0,0,NA,0,NA,NA,0,0.00653853048875517,NA,NA,NA,0,NA,NA,NA,0,NA,NA,NA,NA,NA,0.00453318586605645,NA,NA,0,NA,0
"90",6,2011,0,0.0104764326108115,0.0128248873610676,0.0134791440669224,0.0122838664096871,0.0103563039650674,0.00616281672556364,0,0.00522713818666686,0,0.0033031369868702,0,0.00672268921396231,NA,0.00733213523085049,0,0.00260158974204884,0.0121987509118567,0.00230527573904937,0.00806733391355231,0.0118287382820688,0,0.0292469302504886,NA,0,NA,0,0.00128665895846776,0.00337721306468669,0,0,0.00653927930809326,0,0.00246635721955021,0.0113825421822627,0,0,0,NA,0,NA,0,0,NA,0,0,NA,0.0171958507418143,NA,0,NA,NA,0,0,0,NA,0,0.0246962123530111,0,0.016274830052702,0.010914818820939,NA,0,0.00651069030424412,NA,0,NA,NA,0.00854921595101417,0,NA,NA,NA,0,NA,NA,NA,0,NA,NA,NA,NA,NA,0,NA,NA,0,NA,0
"91",7,2011,0,0.00374662579486174,0.0262257326645023,0.0115154521704078,0.0216207862006957,0.0114489393864219,0.0219449809918229,0,0.0109468912103213,0.0124787285199867,0,0,0.00134917333174303,NA,0.00705034828799044,0,0.000330569096465649,0,0,0.00040161758435837,0.0137745613677997,0,0,NA,0.00569074500781324,NA,0,0.00118750345914135,0.00652636228380858,0,0,0.0131202917595778,0,0.00749874563127033,0.00532975767849939,0,0,0.00887269737160292,NA,0,NA,0.01658239916209,0,NA,0,0,NA,0,NA,0,NA,NA,0,0,0,NA,0,0.0105385552350999,0,0,0.00274384312376565,NA,0,0,NA,0,NA,NA,0.00617183641006984,0,NA,NA,NA,0,NA,NA,NA,0.0199858495382667,NA,NA,NA,NA,NA,0,NA,NA,0,NA,0
"92",8,2011,0,0.00826028290565105,0,0.0121525841561245,0,0,0.00925282344656718,0.00653210811054715,0,0,0,0,0.00298340370773325,NA,0,1.33059242086988e-07,0.0065688943447143,0.0116069050452699,0,0.000768995232892238,0,0,0.01214945052004,NA,0.00531690943306681,NA,0,0.0019092962819103,0,0,0,0.00550701028742648,0,0.00591867127717493,0.00391926722401575,0,0,0.0238938826746069,NA,0,NA,0,0,NA,0,0,NA,0.0215531802488869,NA,0,NA,NA,0,0,0,NA,0,0.00965449513167457,0,0.0349870707966912,0.0193712766256642,NA,0,0,NA,0,NA,NA,0.0203154328523562,0,NA,NA,NA,0,NA,NA,NA,0,NA,NA,NA,NA,NA,0.00310169886380542,NA,NA,0,NA,0
"93",9,2011,0,0.0165232702830515,0,0,0.00881796132531348,0.0156104865157622,0.0158492079578668,0,0.0120857004351508,0.0153958692460765,0.00754492229408614,0,0,NA,0.00626211122488981,0.00247832835919961,0.00162650015411089,0,0,0.013823770253669,0,0,0,NA,0.0133090807190591,NA,0,3.83457487963448e-05,0.0665542230936481,0,0,0.0107780364415439,0.0236691343103168,0,0,0,0,0.0189322118452288,NA,0,NA,0.0117391054424242,0,NA,0,0,NA,0.00907332125407085,NA,0,NA,NA,0,0,0,NA,0,0.0026295502925002,0,0.0234142431905386,0,NA,0,0.0028562929273779,NA,0,NA,0,0.0347129601842177,0.0374440318650315,0,NA,0,0,0,NA,NA,0,0.00314430807133704,NA,NA,NA,NA,0,NA,NA,0,NA,0
"94",10,2011,0.0139324022357037,0.0159152025008484,0.032098745249753,0.00797322345973586,0.00797676595710175,0.0106116558822206,0.016105220053797,0.00783472703444315,0.0169165551561586,0.0128636724152707,0.00439745688425346,0,9.29862648105116e-05,NA,0.0122663716343045,0.00533026307543563,0.00168193176341419,0.0150879169907101,0.0165480379798822,0.012194118363846,0.0189731725173538,0,0.0182388803534146,NA,0.00128311787009856,NA,0,0,0,0,0,0,0,0.00409611125336435,0.0596391830657677,0,0,0.0145729138385472,NA,0,NA,0,0,NA,0,0,NA,0.00645956046138,NA,0,NA,NA,0,0,0,NA,0,0.0103270534597987,0,0.00762037178068847,0.0184087308705324,NA,0,0,NA,0,NA,0,0,0,0,NA,0,0,0,NA,NA,0.0151955062617701,0,NA,NA,NA,NA,0,NA,NA,0,NA,0
"95",11,2011,0,0.00297553343857055,0.0221168731817955,0,0,0,0,0,0,0,0,0.00473389527375832,0.00244161677379486,NA,0,1.33551924983009e-06,0.00325300021063177,0,0.00394113487244984,0.000848608742113506,0.00654418321503859,0,0.0184110547549367,NA,0.000514329809431264,NA,0,0.00202853653489311,0.0172922645035668,0,0,0,0.0332885482116583,0.0127536306021368,0,0.0420566460055244,0,0.020716893338512,NA,0,NA,0,0,NA,0,0,NA,0.0213785998630283,NA,0,NA,NA,0,0,0,NA,0,0.00440529575847037,0,0,0.0177336144289459,NA,0,0.00725091247281476,NA,0,NA,0,0,0,0,NA,0,0,0,NA,NA,0.0309750204679653,0.0095897695074753,NA,NA,NA,NA,0,NA,NA,0,NA,0
"96",12,2011,0.0104683340092034,0.0149002829758381,0.0167031819099097,0,0.0177270023214887,0.0298585709716777,0.0104443717232906,0,0,0.013335195704383,0,0,0.0024990364443878,NA,0,0.00173770328429333,0,0,0.00410699426211783,0.00849353158689151,0.0179677887078717,0,0,NA,0.00153609770620562,NA,0,0.0014638501094228,0,0,0,0.000459995230961573,0.00730050645552538,0,0.0195073968996675,0,0,0.0304444581475767,NA,0,NA,0.0101873829170159,0,NA,0,0,NA,0.0245153735947889,NA,0,NA,NA,0,0,0,NA,0,0,0,0.0116039185415939,0.00959787905515869,NA,0,0,NA,0,NA,0,0,0,0,NA,0,0,0,NA,NA,0.0200296681443251,0,NA,NA,NA,NA,0,NA,NA,0,NA,0
"97",1,2012,0.0225741063528064,0.00366125729735674,0,0.0142364895616061,0,0,0.00896677265139331,0.00817968610259378,0.0101080688420089,0.00230618458049881,0.00306541629758676,0,0,NA,0.0103754151132599,0.0126670724052305,0.00168258630238333,0.0324048870326454,0,0.0107082394076209,0.016182666019323,0,0,NA,0.0024881107230748,NA,0,7.6227261927988e-05,0.0176695397155643,0,0,0.0066578161792792,0,0,0.0124116966993244,0,0,0.00228290879250744,NA,0,NA,0,0,NA,0,0,NA,0,NA,0,0,NA,0,0,0,NA,0,0,0,0.00410018354700986,0,NA,0,0,NA,0,NA,0,0.0285523665397531,0,0,NA,0,0,0,NA,NA,0.0222969159001671,0,NA,NA,NA,NA,0.0031529468173759,NA,NA,0,NA,0
"98",2,2012,0,0,0,0.0217745648285075,0.0120787853722581,0.0090322093093271,0.00624992065448536,0.0125496853287751,0.0206123190771035,0.0101234717809813,0.0113851912950924,0.00574159369280945,0,NA,0,0.000795189959468865,0,0,0,0.00606294111010012,0.00340667557980415,0,0.023689338512245,NA,0,NA,0,0.00161627174838536,0.00488251503139508,0,0,0.0179608438021664,0,0,0.00732841675663774,0,0,0.0251609758536651,NA,0,NA,0.00942009172878839,0,NA,0,0,NA,0,NA,0,0,NA,0,0,0,NA,0,0,0,0.00608437044825308,0.00113635686878219,NA,0,0,NA,0,NA,0,0,0,0,NA,0,0,0,NA,NA,0.0139056947336839,0,NA,NA,NA,NA,0.0151844636749964,NA,NA,0,NA,0
"99",3,2012,0.00991178344160163,0.00331884008635413,0.00911921315603402,0.00238030876417834,0.01444961259301,0.00199200759635552,0.00922702834837079,0,0.0061789237080131,0,0.0109431616643184,0,0,NA,0.00122149837005414,0.0418482633152033,0.00342302171652088,0,0,0.0113797514659065,0.0125739628414387,0,0.019815498782609,NA,0.0177709782715896,NA,0,0,0,0,0,0.00635117208698891,0,0,0.0116432269789042,0,0,0.00777264440394324,NA,0,NA,0,0,NA,0,0,NA,0.0226541042998256,NA,0,0,NA,0,0,0,NA,0,0.00366763863367176,0,0,0.00354225539909909,NA,0,0.0195180014589707,NA,0,NA,0,0,0,0,NA,0.0221640477433026,0,0,NA,NA,0.0187467824778459,0,NA,NA,NA,NA,0,NA,NA,0,NA,0
"100",4,2012,0,0.0054985689067355,0.00998024049814447,0.00492552303379715,0.0125794408454811,0,0.0148867216363463,0.00426903225693489,0.0122686898706035,0.0124213805500702,0.0070324907571474,0.0130601953948117,0.0165978487777234,NA,0.00732595261225855,0,0.00173894640641791,0,0,0.00113810487904603,0,0,0,NA,0,NA,0,0.00196806122314628,0.00923309242160519,0,0,0.0127146517807038,0,0,0.0110255938720236,0,0,0,NA,0,NA,0.0213026814168295,0,0.00826369213578166,0,0,NA,0,NA,0,0,NA,0,0,0,NA,0,0.0128395399979479,0,0.0182943935509531,0.000679738021704152,NA,0,0,NA,0,NA,0,0.0597436040968982,0,0,NA,0,0,0,NA,NA,0,0,NA,NA,NA,NA,0,NA,NA,0.00370835545732533,NA,0
"101",5,2012,0.0207032183482345,0,0,0,0.0219971297300038,0.00572647275039673,0.00318266179657138,0.0106252301788449,0.0190604981370588,0.00942260836324204,0.00799436300100452,0,0,NA,0,0.00489258627276995,0.000393472725120319,0.023174763219439,0,0.000780866071303238,0.00759732520556845,0,0,NA,0.00110028819392994,NA,0,0.00334342703061431,0.0113574282088269,0,0,0.00240664851726634,0.00707934200985393,0,0.000633844820590807,0,0,0.0120018977633741,NA,0,NA,0.00785270592439691,0,0,0,0,NA,0.0214957541078209,NA,0,0,NA,0,0,0,NA,0,0,0,0.0208899932268886,0.00421924816232064,NA,0,0.000918240992206469,NA,0,NA,0,0.00632204223064449,0,0,NA,0,0,0,NA,NA,0.00351886692309301,0,NA,NA,NA,NA,0,NA,NA,0,NA,0
"102",6,2012,0,0.00523864488225509,0.0115380845033127,0.010278994577308,0.0155768072878801,0.0109410081397378,0.0169144642332992,0.00922123692432568,0.0223436293150418,0,0.0154962670662403,0.00703050058139697,0.0056053038555677,NA,0.0145581094095056,0,0,0.0338572856188101,0.00394607053759005,0.0153069542537501,0,0,0.0218791873468295,NA,0.00122642157662005,NA,0,0.00417469216652457,0.00743212090430331,0.0523708352656337,0,0.00523414016592744,0,0,0,0,0,0,0,0,NA,0,0,0.0124543435543559,0,0.00654879796802064,NA,0,NA,0,0,NA,0,0.0936966531448755,0.0478789897981731,NA,0,0.00745092469219817,0,0,0,NA,0,0.00344202522523394,NA,0,NA,0,0.0243909763371166,0,0,NA,0,0,0,NA,NA,0.0228551267148443,0,NA,NA,NA,NA,0,NA,NA,0,NA,0
"103",7,2012,0.00591982957578099,0.0107369433316946,0.0167957904125245,0.00287753722168183,0.0104791922958794,0.0111908702014075,0.00970177150269185,0.0101735405869093,0.0173637966343356,0.00227275062381154,0.00658693738569599,0.0122352576159844,0.0286121539274975,NA,0.00755520367483194,0,0.00336517270235667,0,0,0.00199163277604456,0.0250711284569142,0,0.0139744711806291,NA,0,NA,0,0.00176961629016882,0,0,0,0.00560104712812513,0.00929107450899487,0,0.0246946297273736,0,0,0.0431624016793953,0,0,NA,0,0,0,0,0,NA,0.0286117048553452,NA,0,0,NA,0,0,0,NA,0,0.0111509789824662,0,0,0.0224455374977686,NA,0,0,NA,0,NA,0,0,0,0,NA,0,0,0,NA,NA,0.0172341502445204,0,NA,NA,NA,NA,0,NA,NA,0,NA,0
"104",8,2012,0.00649370821984951,0.0121782750637309,0,0.0194813399763364,0.00789485189651408,0.0230521257316164,0,0.00688501760417847,0.0112989440194639,0.00980549701886223,0.00790737501847776,0.014434062407458,0.00908943996875207,NA,0.00441234389742764,0.0133039809333966,0,0,0,0.00114708455805713,0.0186537253880845,0,0.00411372477006475,NA,0.00324288910573267,NA,0.0414918137681654,0,0,0,0,0.0181174991842392,0.00851871882366082,0,0,0,0,0,0,0,NA,0,0,0.00508567543183058,0,0,NA,0,NA,0,0,NA,0,0,0,NA,0,0,0,0.00519705843733259,0,NA,0,0,NA,0,NA,0,0,0.00178809513060064,0,NA,0,0,0,NA,NA,0,0,NA,NA,NA,NA,0.00372193684159388,NA,NA,0,NA,0
"105",9,2012,0,0.00201864194763785,0.0106344387858778,0.0128575047805742,0.00667819094207921,0.00929626925382156,0.0212132592997341,0.00663780872075463,0.0339989740817136,0,0.00588395776787822,0.0109418149555407,0.0124342442553747,NA,0.00326883523359584,0.00406561293924493,1.47805344172939e-06,0,0,0.015058528508191,0,0,0.0255733528855087,NA,0.00225127735808383,NA,0,0.000884646834347407,0,0,0,0.0242099839776963,0.0174486315973171,0,0,0,0,0.013918998511782,0,0,NA,0.0173081714686416,0,0.00726169566580117,0,0,NA,0,NA,0,0,NA,0,0,0,NA,0,0,0,0,0.00576395141512159,NA,0,0,NA,0,NA,0,0,0,0,NA,0,0,0,NA,NA,0.0173200178055393,0,NA,NA,NA,NA,0,NA,NA,0,NA,0
"106",10,2012,0,0.00957674890856247,0.0131628723522852,0.00845318271569202,0.0100126357504646,0,0,0,0,0.0160974592882228,0,0,0.00150078096050117,NA,0.00435413192053292,0,0.00257238454636235,0,0,0.00666360340092445,0,0,0,NA,0.00648929056617243,NA,0,1.40090911264963e-05,0,0,0,0.0177058362146966,0.00632314850419928,0,0.000117866854190121,0,0,0.0229001953803441,0,0,NA,0,0,0.00422269659124518,0,0,NA,0.0263156742836321,NA,0,0,NA,0,0,0,NA,0,0,0,0.026119748233721,0.00723740186550028,NA,0,0,NA,0,NA,0,0.0279172716601618,0,0.0195344036034424,NA,0,0,0,NA,NA,0,0,NA,NA,NA,NA,0.00627597191899848,NA,NA,0,NA,0
"107",11,2012,0.00744177733566222,0.0137036968201052,0.00642507999069546,0,0.0188292367990292,0.0200655475794272,0.0106139748639609,0.0108045004695895,0,0.0145009909651722,0.000374246981650828,0,2.5490607495423e-05,0.0116402018120273,0.013341109870926,0.021145748921618,0.0140547794820053,0.0097713695797799,0,0,0,0,0,NA,0.0206942741819258,NA,0,0.0109064971490251,0,0,0,0.00646343968580382,0.0092503071911189,0,0.010124133449009,0.0355610842018011,0,0,0,0,NA,0.00363817938011076,0,0,0,0.00650600051885356,NA,0.0270127467499429,NA,0,0,NA,0,0,0,NA,0,0,0,0.0488326005566429,0.0203759356094112,NA,0,0,NA,0,NA,0,0,0,0,NA,0,0,0,NA,NA,0.0284476053643157,0,NA,NA,NA,NA,0,NA,NA,0,NA,0
"108",12,2012,0,0.00315000648807362,0,0,0.0083699538716159,0.00663418902439443,0,0,0.0189678678875271,0,0,0,0.00162585383864592,0.00913476809605703,0.00406202186451182,0.015073308890862,0.0138110509101352,0,0,0,0,0,0.0057312382492269,NA,0.0211279937284093,NA,0.016690556837966,0.00475741637804006,0,0,0,0,0,0,0.0188356978714342,0,0,0,0,0,NA,0,0,0,0,0,NA,0.00850889267895093,NA,0,0,NA,0,0,0,NA,0,0.00587270957990219,0,0.010787266988554,0,NA,0.0628825441799155,0,NA,0,NA,0,0.0203925456036439,0,0,NA,0,0,0,NA,NA,0.00264703828817661,0,NA,NA,NA,NA,0,NA,NA,0,NA,0
"109",1,2013,0.00461755694646834,0.00372112677394338,0.00432278683598572,0,0.00733195368352354,0.0141484443131537,0,0.00482502635966347,0.0198381017996376,0.018237256705679,0.013149787058007,0.0109574501203022,0.00757056837997561,0,0.00319234720465755,0,0.0186882528212767,0,0,0.00556066259563178,0,0,0.0148165885899739,NA,0.00695304050995913,NA,0.0176037553142592,0,0,0,0,0.0332841406527748,0.0100804644717597,0,0.0147695906663539,0,0,0,0,0,NA,0,0,0.0146348082803994,0,0,NA,0.00256644061322633,NA,0,0.0186096842079694,NA,0,0,0,NA,0,0,0,0,0,NA,0.0279145263119541,0,NA,0,NA,0,0,0,0,NA,0,0,0,NA,NA,0.0217607507848621,0,NA,NA,NA,NA,0.00216001422886954,NA,NA,0,NA,0
"110",2,2013,0,0,0.00915549237561956,0.011318364849117,0,0.0079625107702583,0.0122843191243278,0.00265241196598428,0.00944382896795336,0.00544577926360156,0.00843040226553354,0,0.00703205734847367,0.018073483860365,0.007552607485678,0.00823386324096546,0,0,0.004325904563487,0.0150673455668723,0,0,0,NA,0.00781169800400177,NA,0,0.00449674199688447,0,0,0,0,0,0,0.00652602631501135,0,0,0,0,0,NA,0.00381746341091937,0,0,0,0,NA,0.0103021641166074,NA,0,0,NA,0,0,0,NA,0,0.00548625235400555,0,0,0,NA,0,0.0263865312401675,NA,0,NA,0,0.0281826394423482,0,0,NA,0,0,0,NA,NA,0.0143483509171651,0,NA,NA,NA,NA,6.35787926980952e-05,NA,NA,0,NA,0
"111",3,2013,0,0.00430667173251125,0,0.00548574205322209,0.006752986314466,0.0103565139988718,0,0.0106078758591601,0.0153067631795803,0.00871663980081329,0.0142998128244255,0.00707490129873895,0.00335826099103929,0.00658746858916318,0.00144177530931617,0.010606250998822,0,0.00578015971271673,0,0.028023332088902,0.00939407712117918,0,0.0111217616162987,NA,0.0116578003750799,NA,0,1.93909908544088e-08,0,0,0,0,0,0,0.0013786677931725,0,0,0.0186541518747479,0,0,NA,0.0116119055428715,0,0.00595669328074226,0,0,NA,0,NA,0,0,NA,0,0,0,NA,0,0,0,0.00100276592011764,0.0805141951024172,NA,0,0,NA,0,NA,0,0,0,0,NA,0,0,0,NA,NA,0,0,NA,NA,NA,NA,0,NA,NA,0,NA,0
"112",4,2013,0.00828212749607002,0,0.00926630157414949,0.00937060716408838,0.00417015524913237,0.00914666029906227,0.0106522493621548,0.0105612345572699,0,0.0157038682524103,0.0113072518580229,0.0120900898870677,0,0,0.00111184356766632,0,0.00418242889800657,0.0058554004376912,0.014381685280421,0.00332528913022537,0.00856844548796601,0,0.013538359873362,NA,0,NA,0,4.51386964341177e-05,0,0,0,0,0.0136069734640317,0,0,0,0,0,0,0,NA,0.00780225441476357,0,0.00259217855657147,0,0,NA,0.0144389803576904,NA,0,0,NA,0,0,0,NA,0,0.0132119000112816,0,0,0,NA,0,0,NA,0,NA,0,0,0,0,NA,0,0,0,NA,NA,0.00288122355423298,0,NA,NA,NA,NA,0.0238113199651342,NA,NA,0,NA,0
"113",5,2013,0.00542179524840926,0,0,0.00754290091851861,0.0115370139241387,0.0117180858668488,0.00756070856963392,0.000624345231919693,0.00347333599469508,0,0,0,0.00763999550213209,0.0133993713323827,0.00783963349617467,0.0316429418711265,0,0,0,0.00953847137377179,0.007962537566894,0,0.0108097497411169,NA,0.00626629567338563,NA,0,0,0,0,0,0,0.0102134368172398,0,0,0,0,0,0,0,NA,0.00272265234953329,0,0.00813520052330001,0,0,NA,0.00546613544908476,NA,0,0,NA,0,0,0,NA,0,0.0112729697878454,0,0,0,NA,0.0349479182052267,0,NA,0,NA,0.0688131373250254,0,0,0,NA,0,0,0,NA,NA,0.0066105743759773,0,NA,NA,NA,NA,0.00379146236324961,NA,NA,0,0.0412541185313814,0
"114",6,2013,0,0,0,0.0100209451807586,0,0,0,0.0148879650405896,0.00863133224358134,0.00974352057623203,0,0.019488305443079,0,0,0,0.0139200329437107,0.000807071793729378,0.0222431263161906,0,0,0,0,0,NA,0.0039198404811478,NA,0,0.00235103504183093,0,0,0,0,0.0162069981619054,0,0,0,0,0,0,0,NA,0.00692315063336229,0,0.00532657418199584,0,0,NA,0.00815231844840336,NA,0,0,NA,0,0,0,NA,0,0.0163647462489489,0,0.00543911483028002,0,NA,0,0,NA,0,NA,0,0,0,0,NA,0,0,0,NA,NA,0.0112135380936209,0,NA,NA,NA,NA,0.00328361844693096,NA,NA,0,0.0319597131032448,0
"115",7,2013,0.00673253517549173,0,0.00129811612689146,0,0,0,0.0106865773319219,0,0,0,0.00857193889729526,0.005965220001134,0,0.0237909029617482,0,0,0.000699612188969139,0,0.00744387368318777,0.000711109344921244,0.0155359735030961,0,0.00819643050776317,NA,0.00218473678934529,NA,0,0.00103387133454848,0.0671809599907696,0,0,0,0,0,0,0,0,0.00715757085637658,0,0,NA,0.00745989813380426,0,0.0178545633416338,0,0,NA,0.0263481432709508,NA,0,0,NA,0,0,0,NA,0,0.0162550058990244,0,0.0235849886594743,5.67368330195733e-05,NA,0,0,NA,0,NA,0.00801270343188435,0,0,0,NA,0,0,0,NA,0,0.0150526793585789,0,NA,NA,NA,NA,0,NA,NA,0,0,0
"116",8,2013,0.00703202992265212,0.00206513959813114,0.000472772252026745,0,0.00902208043241145,0.00907170381944637,0.0146270648437708,0,0,0,0,0.00747344125138315,0,0,0,0,0.000840327254094465,0,0.00424304380815754,0,0.0141639700478608,0,0.00810384580357024,NA,0.00868600307807082,NA,0,0,0.0164990299906225,0,0,0,0,0,0.0226864813364385,0,0,0,0,0,NA,0,0,0.00162352258760751,0,0,NA,0,NA,0,0,NA,0,0,0,NA,0,0,0,0.00948007655348497,0.00409358637101559,NA,0,0,NA,0,NA,0.000209121430261828,0,0,0,NA,0,0,0,NA,0.0084112518903011,0.0166343645220332,0,NA,NA,NA,NA,0,NA,NA,0,0.0125481300668628,0
"117",9,2013,0.00143725905848714,0,0,0,0.00630703203773242,0.00420076884018856,0.0132174550760023,0.00568111993294716,0.00945168917391621,0.00649492515324347,0.0103820792203288,0.0182751425852089,0.0121325557573071,0.0138900557275591,0.0113533993464912,0.00268269731308386,0.000771327036771222,0.0132352931801988,4.54778242280321e-05,0,0.00460961553599492,0,0.0105115157165746,NA,0.0140268649844896,NA,0,0.000461113863800118,0,0,0,0,0,0,0,0,0,0,0,0.0148766632259175,NA,0.0234196345437785,0,0.00413733051462961,0,0,NA,0,NA,0,0,NA,0,0,0,NA,0,0.0120155627456825,0,0.00539988606900596,0.0115980161272414,NA,0,0,NA,0,NA,0,0.00692150440322516,0.0824575577946856,0,NA,0,0,0,NA,0.00352411457396696,0,0,NA,NA,NA,NA,0,NA,NA,0,0.00922884815239336,0
"118",10,2013,0,0.00555028047020537,0.00752389321297832,0.014236582145092,0.00578324669502645,0.00890542105323709,0.00523496829553012,0,0,0.0081657345834635,0.006549776719993,0.00418628950824745,0.00133806201251102,0.00438816210189036,0,0.00375927670771507,0,0,0.000581552631499044,0.000775403477649252,0,0,0.00466255682875171,NA,0.000631310274650103,NA,0,0,0.0749210192148813,0,0,0,0.00476473314883585,0,0,0,0,0,0,0,NA,0,0,0.00526863559002713,0,0,NA,0.0189997911295264,NA,0,0,NA,0,0,0,NA,0,0,0,0,0,NA,0,0,NA,0,NA,0,0,0,0,NA,0,0,0.00375678896513015,NA,0,0,0,NA,NA,NA,NA,0.00359783941772929,NA,NA,0,0,0
"119",11,2013,0.0217350536305788,0.0285766352662192,0.0112740802163179,0.014184928053647,0.00531693865886001,0.00688190302330025,0.0142610369129134,0.00128953636812332,0.00323998670196871,0.0168094573311106,0.00398821707855887,0.0150794587959752,0.000173086451713891,0.00455384796123349,0.00329479316520565,0.0035138745918283,0,0,0.0036111038927117,0.00770190355354947,0,0,0,NA,0.0011620660700646,NA,0,0.000701126519986499,0,0,0,0,0,0,0,0,0,0,0,0,NA,0.0114192187453714,0,0,0,0,NA,0.0137464956777741,NA,0,0,NA,0,0,0,NA,0,0.00310138222123418,0,0,0.0176892819218891,NA,0.0071029270292208,0.000427491014234759,NA,0,NA,0.00819027622579479,0,0,0,NA,0,0,0,NA,0,0.0137283594994972,0.0628560407993309,NA,NA,NA,NA,0.00107085619761554,NA,NA,0,0,0
"120",12,2013,0.0119448043827374,0,0.0172713603694971,0.0179653094584014,0.00841389040124254,0,0.0223986799012809,0,0.029010499520915,0.0269593528227708,0.0117017155572886,0.0113421675874536,0.00365771279314447,0,0.0155203877652689,0.0157791240236196,0.00361444471100975,0,0.00780720058358827,0.0126846313570462,0.00744283635964597,0,0,NA,0,NA,0,0,0.0183502577786018,0,0,0,0,0,0.0836127306424574,0,0,0,0,0,NA,0,0,0.0177280306119349,0,0.000697071466736094,NA,0.0157825236161043,NA,0.0202599631579823,0,NA,0,0,0,NA,0,0,0,0.00222598215867861,0.00822308001617283,NA,0,0,NA,0,NA,0,0,0,0,NA,0,0,0,NA,0,0.0110817074714643,0,NA,NA,NA,NA,0.00883048665719257,NA,NA,0,0,0
"121",1,2014,0.00426332773293762,0,0.00884416791873332,0.0184024870379568,0.00931080510888954,0.00815773993551653,0.0205752325367779,0,0.0210726117834954,0.0224085428132145,0.0151503302129945,0,0.00782105898960871,0,0,0,0,0.00273671829324504,0.0153357582997245,0.00157709192461279,0,0,0.00739312756830406,NA,0.000895676470959043,NA,0,0.000213904455755874,0.0231508033440697,0,0,0,0.012578587148287,0,0,0,0,0.0376624561573306,0,0,NA,0.00846331530951503,0,0,0,0,NA,0,NA,0,0,NA,0,0,0,NA,0,0,0,0.00971024927390247,0.0419675960034556,NA,0,0.000386093071197479,NA,0,NA,0.00657173669483181,0.0191422879825866,0,0,NA,0,0,0,NA,0.0127353532448986,0,0,NA,NA,NA,NA,0.00272287064112905,NA,NA,0,0,0
"122",2,2014,0,0.0179045546713074,0.0157319420810984,0,0,0.00423304681601152,0.0132133699588883,0,0.0062866510104358,0.0157351705750948,0,0,0.015069883089166,0.00195675843345201,0,0,0,0.00661705318846,0,0,0,0,0.00575334473786084,NA,0,NA,0,0,0,0,0,0,0.00640195340900175,0,0,0,0,0,0,0,NA,0,0,0.0136410726160036,0,0,NA,0.00792656431475558,NA,0,0,NA,0,0,0,NA,0,0.0236733446727152,0,0.0196694795654719,0.0155924596596486,NA,0.0166380944915881,0,NA,0,NA,0,0.0151769318699378,0,0,NA,0,0,0,NA,0.00519011982613822,0,0,NA,NA,NA,NA,0,NA,NA,0,0,0
"123",3,2014,0,0.00487251611415889,0.0128008975183525,0,0,0.0108315407566332,0.0120808430932562,0,0.0127650219193501,0.0131858651797235,0.0150637502242739,0.0193877340335962,0.00122222555395212,0.0271835976797169,0.00834589827417782,0.0214131771551286,0,0.0144895659027848,0.0194104233531895,0.000950842065215604,0.00985586207917835,0,0.0169192129007758,NA,0.0176837811353824,NA,0,0.00156052275361539,0,0,0,0,0,0,0,0,0,0.00287273938583843,0,0,NA,0,0,0,0,0,NA,0.0199428250826368,NA,0,0,NA,0,0,0,NA,0,0.0108478327064928,0,0,0,NA,0,0,NA,0,NA,0.00974110149872675,0.0149525115686663,0.00416640954588603,0,NA,0,0,0,NA,0.00401541046373305,0.0375076234773608,0,NA,NA,NA,NA,0,NA,NA,0,0,0
"124",4,2014,0,0.00930598205523865,0.0152023961969424,0,0.00743536436235537,0.00924596654347411,0.00848205061860836,0,0.00310677575387781,0.0148913851602544,0.0121974500843086,0.0139263958246928,0.00201877174107447,0.0122903037334878,0.0105558535838473,0.00126635799238026,0,0.00243975018237133,0.00185885727715959,0.00406625033648222,0,0,0,NA,0.0176921461062485,NA,0,0,0,0,0,0,0.0171305678063056,0.0691568285225031,0.00593672541124024,0,0,0,0,0,NA,0.0135831120157051,0,0.0393197671751199,0,0,NA,0,NA,0,0,NA,0,0,0,NA,0,0.00254111453858673,0,0.00243975018237133,0,NA,0,0.000406625062925225,NA,0.0860603614813423,NA,0,0.0300810330389405,0,0,NA,0.0451270421378565,0,0,NA,0,0,0,0,NA,0,NA,0,NA,NA,0,0,0
"125",5,2014,0.00868658336636691,0.00379181717214488,0.00454408103599522,0,0.0104053794851106,0.0158317652424911,0.0242376430721331,0,0,0,0,0.0136831589743072,0.00249024608425232,0,0.00467014840214445,0.0411162153263927,0,0.00595061022470813,0,3.82706044907279e-05,0.00563738890435204,0,0.00761951132776746,NA,0.00247546197687079,NA,0,0.000729473008188109,0,0,0,0,0.0104857019278453,0,0,0,0,0.058358028120919,0,0,NA,0.00798847308491511,0,0.0105596603210601,0,0,NA,0.0160227936777732,NA,0,0,NA,0,0,0,NA,0,0.010898308703991,0,0.0031278848441894,0.00909953606623252,NA,0,0.0016197511219764,NA,0,NA,0,0.0233247296530758,0,0,NA,0.000304018734075401,0,0,NA,0,0,0,0,NA,0,NA,0.000841069890310176,NA,NA,0.00304968772796417,0,0
"126",6,2014,0,0.00353422596174113,0.0076431158820792,0.0119130353476616,0,0,0,0.00323215438713578,0,0,0,0.011158693068395,0.00470091286506128,0.00810723224025304,0.00711942779942962,1.11318651201223e-07,0.00544079428825164,0.00133243941962485,0.00115062989976525,0,0,0,0.0100650692737107,NA,0.00766710658317776,NA,0,0.0163955844596227,0,0,0,0,0.00974787235038603,0,0.015959663300257,0,0,0.0144602577025813,0,0,NA,0.00395118799793022,0,0.00221271190048267,0,0,NA,0,NA,0,0,NA,0,0,0,NA,0,0.00827435659418712,0,0.00339727933396229,0,NA,0,0,NA,0,NA,0,0,0,0,NA,0,0,0,NA,0,0.0239678815102408,0,0,NA,0,NA,0.00243340509309421,NA,NA,0,0,0
"127",7,2014,0.00645676458950593,0.00518370482928548,0.00546442078175874,0.00516142015598311,0.00595569169510228,0,0.0154315697447601,0.00310460484829408,0,0,0.00410181821488281,0.0082293873056353,0,0.0186537149215206,0.00648318345565925,0.00880755332561052,0.00199867626895065,0.00753360260180702,0.00542363883946955,0.00465242105199235,0.00760048487158043,0,0.0111801931909122,NA,0.00430972193733671,NA,0,0,0.00852943862633546,0,0,0,0.00356627603380154,0,0,0,0,0,0,0,NA,0,0,0,0,0,NA,0.0275146244201555,NA,0,0,NA,0,0,0,NA,0,0.0160372398138878,0,0.00505986315291322,0.0199213932469009,NA,0,0.000759578918779847,NA,0,NA,0,0.0179651834589911,0,0,NA,0,0,0,NA,0,0.019293140744463,0,0,NA,0,NA,0.00275884809226937,NA,NA,0,0,0
"128",8,2014,0.00914918713088052,0.00814067346095214,0,0.00585807381847882,0,0.0160192853051585,0.00457620110529008,0.00866793671772157,0,0.00482126428080223,0.0257280414002225,0,0.00547720196504784,0.014845697754435,0.0111531507661269,0.00405252995012015,0,0.0147392192009115,0.00641236470053221,0.00814268529655281,0.0125524224393219,0,0,NA,0.0068108313136126,0,0,0.0206110643800317,0,0,0,0,0,0,0.00806465396027075,0,0,0.0208050142199511,0,0,NA,0,0,0.00773546555822423,0,0,NA,0,NA,0,0,NA,0,0,0,NA,0,0.00806509755487071,0,0.00104084765114625,0,NA,0,0,NA,0,NA,0,0,0,0,NA,0,0,0,NA,0,0,0,0,NA,0,NA,0.000861712856850538,NA,NA,0,0,0
"129",9,2014,0,0,0.0112873256326015,0,0.00946045774325192,0,0.00767266869858239,0.00418659089005647,0.00969289296768849,0,0.00977085941709308,0.0128372604826999,0.00125088192590554,0,0.00628277027472943,0.00351874619323629,0.00068725361923221,0.00634335047416547,0.00382705908281268,0.00377670312699857,0.0103435594327629,0,0.00778866034238918,NA,0,0,0,0.0155741624650087,0.00375346177399128,0,0,0,0,0,1.19157398907016e-05,0,0,0,0,0,NA,0,0,0.00666670493952245,0,0.0017552160062824,NA,0,NA,0,0,NA,0,0,0,NA,0,0,0,0,0.00747516818377096,NA,0,0.0881075774267617,NA,0.00965299524309142,NA,0,0.027863327734899,0.0125104464662659,0,NA,0.00734372963418381,0,0,NA,0,0.0214308931208729,0.00865488017124232,0.00708066298522958,NA,0.000306164738335815,NA,0,NA,NA,0,0,0
"130",10,2014,0.0168250162058325,0.0213065169662423,0.00599312600563769,0.013435616365085,0.0141895602503583,0,0,0.00444264590924642,0,0,0.0113688189757427,0,0,0.0243546562650181,0.00424900647571099,0.00375429201466503,0,0.00642363729206478,0.00526689179559635,0.0275551874095758,0,0,0.0111109761776694,NA,0.00146781647897584,0.00547522954580439,0,0,0,0,0,0,0.0120874700270076,0,0,0,0,0,0,0,NA,0.0223240183226065,0,0.0126851983391928,0,0,NA,0,NA,0,0,NA,0,0,0,NA,0,0,0,0.0636616113283416,0.017083683496478,NA,0,0,0,0,NA,0,0.0250384660128059,0.00126081875967519,0,NA,0,0,0,NA,0,0,0,0,NA,0,NA,0.0101519540027897,NA,NA,0,0,0
"131",11,2014,0,0,0.0131966384071701,0,0.0184196429285283,0,0,0,0,0.0192148969322278,0,0,0,0.00821304766072655,0.00913914571450305,0,0.00300855490741986,0.00240328028901553,0,0,0.011204263372078,0,0,NA,0.0176394097063457,0.000498382810994271,0,0.00429134329783895,0,0,0,0.000324442842261525,0.0166791050632397,0,0,0,0,0,0,0,NA,0.00803873569975596,0,0,0,0,NA,0.00997007914134645,NA,0,0,NA,0,0,0,NA,0,0.0144907629466534,0,0.016413446701895,0.0140047270173213,NA,0,0,0.00279182579101779,0.00220409087710896,NA,0.00334916592613503,0.0156813508296003,0.0140914473446294,0,0,0,0,0,NA,0,0,0,0,NA,0,NA,0,NA,NA,0,0,0
"132",12,2014,0,0.00926711934260694,0,0,0.0142054820626665,0,0,0.0163575651111697,0.0141655423649674,0,0.0123063469539638,0,0.00105448770100459,0,0.0195563757885509,0.0133677214711273,0,0.00303418767496838,0.000186096842079694,0,0,0,0,NA,0.00257567286436192,0.00354109228781794,0,0,0,0,0,0.0499766300976681,0.0158938772272096,0,0.0138260743732498,0,0,0,0,0,NA,0.00887278828699034,0,0.000150322050400399,0,0,NA,0,NA,0,0,NA,0,0,0,NA,0,0,0,0.0107771635701991,0.00669918567542061,NA,0,0,0,0,NA,0,0,0,0,0,0,0,0,NA,0,0,0,0,NA,0,NA,0.000150461250838275,NA,NA,0,0,0
