"","Group.1","Group.2","ERSTE.GROUP.BANK..PRA.","VIENNA.IN.GROUP..PRA.","CENTRAL.EUR.MEDIA..PRA.","PHILIP.MORRIS.CR","CEZ","KOMERCNI.BANKA","MONETA.MONEY.BANK","KOFOLA.CESKOSLOVENSKO","UNIPETROL","TELF.O2.CZECH.REPUBLIC","STOCK.SPIRITS.GROUP.PRA.","PEGAS.NONWOVENS","FORTUNA.ENTM.GROUP"
"1",1,2004,9.08383455336983e-06,NA,NA,4.7161686319292e-06,1.53720015598615e-05,1.13619078705737e-05,NA,NA,3.02680788846114e-05,-1.7846963701287e-05,NA,NA,NA
"2",2,2004,7.38252824495519e-06,NA,NA,-0.000122485808242402,-4.10780669180013e-05,1.13926078159148e-05,NA,NA,5.52759593100311e-05,-3.95056966397998e-06,NA,NA,NA
"3",3,2004,1.82680183332201e-05,NA,NA,0.000218297836128735,3.58027215015452e-05,6.07128565724188e-05,NA,NA,-2.62979290300964e-05,3.25085947687614e-05,NA,NA,NA
"4",4,2004,6.48316138043604e-06,NA,NA,-4.60347993109971e-05,1.14754634298119e-05,9.11565031414181e-06,NA,NA,-0.000209394430619819,-5.42395503400801e-05,NA,NA,NA
"5",5,2004,4.48457958644212e-05,NA,NA,6.85960001746562e-06,-4.13899844261732e-05,-2.31762181685267e-05,NA,NA,-1.08956151446494e-06,-7.87871354679128e-05,NA,NA,NA
"6",6,2004,7.97458398413797e-05,NA,NA,4.42500219503298e-05,3.04611722566352e-05,-1.2446099404024e-05,NA,NA,-0.000127482930982251,-6.12503599205668e-05,NA,NA,NA
"7",7,2004,-3.52230683921056e-06,NA,NA,-0.000167150740190194,-1.33374963946678e-05,7.00199657867526e-05,NA,NA,7.338316703235e-06,8.84634325311545e-05,NA,NA,NA
"8",8,2004,1.47753669548163e-05,NA,NA,1.74574027311766e-05,-4.24758762666237e-06,8.18665559860078e-07,NA,NA,-7.0698033411842e-06,-5.47591055140063e-06,NA,NA,NA
"9",9,2004,-1.57876906186069e-05,NA,NA,3.68895862193764e-05,-3.02277892686655e-05,-1.38284252096001e-05,NA,NA,6.20846261023647e-06,-2.70470801762415e-05,NA,NA,NA
"10",10,2004,-2.1360405170073e-06,NA,NA,-2.84197835419781e-05,-3.45347485526513e-05,-0.000134281198350444,NA,NA,-2.90650776096021e-06,4.27001972964085e-05,NA,NA,NA
"11",11,2004,2.73703478712492e-06,NA,NA,7.29046196332884e-05,-7.32803909619038e-05,-6.1766525132717e-05,NA,NA,1.31565889915264e-06,7.86484404117127e-06,NA,NA,NA
"12",12,2004,1.63899563668056e-05,NA,NA,1.85946100645563e-05,-3.04787068509555e-05,3.30681155905199e-05,NA,NA,1.02564006015e-05,2.27739166700079e-05,NA,NA,NA
"13",1,2005,-5.03290940290035e-06,NA,NA,2.94851768071075e-05,5.16099836665797e-06,-6.88750204859549e-05,NA,NA,0.00025148506459516,0.000100206491208467,NA,NA,NA
"14",2,2005,3.3374808652464e-05,NA,NA,3.96296827289558e-05,3.98304244115896e-05,-6.32111403259288e-05,NA,NA,0.000257986192647139,-1.55031427015245e-05,NA,NA,NA
"15",3,2005,-5.71255973006874e-05,NA,NA,0.008703901360017,7.23503243407879e-05,-0.000224521573401362,NA,NA,0.000947419595400388,-9.78691799263216e-05,NA,NA,NA
"16",4,2005,3.79715558547985e-06,NA,NA,-0.000194742920052963,1.97592368611878e-05,4.50571333623374e-05,NA,NA,-1.76463275177075e-05,1.99515444531579e-06,NA,NA,NA
"17",5,2005,5.37395902753571e-05,NA,NA,-6.20453687611139e-06,0.000150321190716528,0.000197989205495849,NA,NA,0.00045537440213616,3.7296432772039e-06,NA,NA,NA
"18",6,2005,-4.42830087687855e-06,NA,-0.000154811782392248,2.56778447593482e-05,-8.14760877324219e-05,1.01303698173891e-05,NA,NA,2.48179696065462e-05,-4.63719043063265e-06,NA,NA,NA
"19",7,2005,-1.40328483363717e-05,NA,5.09462127251535e-06,-7.15443818138592e-05,7.85071942441666e-06,2.08812677974158e-05,NA,NA,0.000122820994924119,-2.15281860775842e-06,NA,NA,NA
"20",8,2005,-3.93941254540518e-06,NA,1.54699423823872e-05,-1.5929072109837e-05,5.31921002310297e-05,-1.35844466042396e-06,NA,NA,-0.000364268933694164,-2.83067011621048e-07,NA,NA,NA
"21",9,2005,-2.33835091756875e-05,NA,1.23556373710067e-05,-0.0625920453955091,6.10347960662537e-05,8.4185100641886e-06,NA,NA,0.000214648729420219,1.87565498052643e-05,NA,NA,NA
"22",10,2005,-1.41094181697136e-05,NA,6.31352393722229e-05,-0.000168156473802808,8.08070246686195e-05,0.00022700821577278,NA,NA,-0.000100010976414247,1.5469493040524e-05,NA,NA,NA
"23",11,2005,1.53103417595283e-06,NA,4.44763841613865e-06,-0.00100644699370651,-3.62317135761586e-05,-1.81853165190057e-05,NA,NA,5.37828305156154e-05,6.05368673992575e-06,NA,NA,NA
"24",12,2005,-3.65034867366735e-05,NA,1.06670718384032e-05,-3.75724594754176e-06,-1.23107582373771e-06,-3.85034863251771e-06,NA,NA,-2.789551595543e-05,-4.71827702143833e-05,NA,NA,NA
"25",1,2006,-2.68936885972882e-05,NA,8.24094243498964e-05,-1.46620355054303e-05,-2.84469366627828e-05,9.72937048232367e-06,NA,NA,8.06418980647215e-05,-1.6181647350849e-05,NA,NA,NA
"26",2,2006,-1.58928115451446e-05,NA,-4.1632455758577e-05,-3.40543927054168e-05,1.23358784119103e-06,-3.791555506221e-05,NA,NA,5.34681486849965e-06,1.3893810389771e-05,NA,NA,NA
"27",3,2006,-6.0204629786425e-06,NA,5.72851246628839e-05,1.29260659603208e-05,-4.02189103927786e-05,-1.37424376935129e-05,NA,NA,-3.83159750466264e-05,-3.03254672853942e-05,NA,NA,NA
"28",4,2006,9.63540008595314e-06,NA,-3.88787368082299e-05,8.35299028482803e-05,7.11618284355692e-05,-4.70738474609282e-05,NA,NA,3.9242993471949e-05,1.51791856090718e-05,NA,NA,NA
"29",5,2006,-7.57750276314951e-05,NA,4.77033988566065e-05,0.000406860167157773,-8.79926910337686e-06,-0.000340432283410978,NA,NA,-1.89558045462903e-05,-0.000175770185547006,NA,NA,NA
"30",6,2006,5.1146321692874e-05,NA,0.000228594095057403,-3.54225560363835e-05,0.000534960770983686,0.000287188689030405,NA,NA,0.000551198373657368,0.000116687059780436,NA,NA,NA
"31",7,2006,-7.06908695117215e-06,NA,-3.5851164676648e-05,1.98768885612333e-05,-1.60692524587611e-05,5.69876072555732e-05,NA,NA,3.44367274594393e-05,2.30098616818732e-05,NA,NA,NA
"32",8,2006,-6.27355059970893e-06,NA,5.933586260211e-05,0.000284281892472425,-5.30644320297075e-05,-9.53472525754391e-06,NA,NA,2.99582175460082e-06,2.40344960801201e-05,NA,NA,NA
"33",9,2006,9.44705456371663e-06,NA,-1.03918341753633e-05,-3.8270898086651e-05,4.61997042251611e-05,3.35331196487695e-05,NA,NA,9.30466253623596e-05,3.41825353410016e-05,NA,NA,NA
"34",10,2006,-3.37293931365275e-06,NA,3.65043787224133e-05,3.84805673718355e-05,1.54178259118229e-05,-1.80962159711346e-05,NA,NA,-1.09079936811362e-05,4.40599480179545e-06,NA,NA,NA
"35",11,2006,3.33873329969555e-05,NA,-7.52572839699142e-05,3.09152404098562e-05,-7.21060049780243e-05,2.08174022639111e-05,NA,NA,2.02278571361265e-05,3.7975132778391e-05,NA,NA,NA
"36",12,2006,-4.45800239964823e-06,NA,-9.35093100863011e-06,-0.19881906897454,2.76389169671289e-07,-3.66646018870837e-06,NA,NA,-2.50717103253086e-05,-1.33854169286972e-05,NA,-9.28660813413159e-05,NA
"37",1,2007,5.26087287687074e-06,NA,1.99236770929648e-05,-0.187354489443305,-5.05420140356478e-05,-6.39503525228117e-06,NA,NA,-1.55957533393523e-05,-8.16461896189456e-06,NA,-2.4766716453302e-05,NA
"38",2,2007,-5.94195788441408e-05,NA,-9.46499726649672e-06,1.58533107656299e-05,6.27782648797695e-05,8.57419272106623e-05,NA,NA,0.000118455989884916,2.43869445403227e-05,NA,-5.26572833165444e-05,NA
"39",3,2007,6.96420591190239e-06,NA,-3.69093818588422e-05,-5.91194062261039e-05,-0.000130114683213231,2.70586825179309e-05,NA,NA,-6.9472780978669e-05,-8.63569025583629e-06,NA,2.53654645966001e-06,NA
"40",4,2007,-3.44345666890157e-05,NA,-2.43862476685888e-05,-0.000184144092770625,-2.6569205077176e-05,7.56052103792478e-05,NA,NA,2.8335052048966e-05,-1.20010830981743e-06,NA,-2.31600124255111e-06,NA
"41",5,2007,-2.79697309484083e-05,NA,-3.06528917227785e-05,4.90117700085909e-05,1.40148418137021e-06,5.0640872838898e-06,NA,NA,-5.46915746873076e-05,1.16559372600186e-05,NA,-7.26934175938486e-05,NA
"42",6,2007,-1.06264993876426e-05,NA,-9.1587068244979e-05,-2.07945130011664e-05,-2.71333294657536e-05,-3.3003673170223e-05,NA,NA,-5.87343150847812e-05,1.6096300818876e-06,NA,-8.45378103483516e-06,NA
"43",7,2007,3.68675359255912e-05,NA,-4.90242248461398e-05,-8.32328806025674e-06,-2.55609485688047e-05,-1.75610823197117e-06,NA,NA,-1.63053636989654e-05,-4.62795198294048e-06,NA,-1.84515905293227e-05,NA
"44",8,2007,-7.31005105226227e-06,NA,7.36079745903522e-05,1.51617386319253e-05,-0.000122365642168761,7.80344797264029e-05,NA,NA,-0.000134159441271456,8.38649522984325e-06,NA,3.46668866130455e-05,NA
"45",9,2007,8.93908884375938e-05,NA,1.98962195701625e-06,2.44394672656244e-05,-6.02752443804637e-06,8.84331011487267e-06,NA,NA,-1.80495739403726e-06,-5.65014877109769e-05,NA,1.41834214877631e-05,NA
"46",10,2007,5.6985526905507e-06,NA,-9.78987397623969e-06,-3.29175313610283e-05,5.88213911763048e-05,1.40927609298577e-05,NA,NA,5.37985585911827e-05,-1.84253531851729e-05,NA,9.75359202291269e-06,NA
"47",11,2007,7.59470018363894e-05,NA,-2.98175145578142e-05,-0.000111731855284579,4.41312810471211e-05,-5.13737365911067e-05,NA,NA,-9.98062584824e-06,-1.2257240742831e-05,NA,-2.85850061381551e-05,NA
"48",12,2007,-1.23480918845428e-05,NA,-3.05296418831714e-05,3.90190522551259e-05,-4.19000214177227e-05,6.06535013390259e-05,NA,NA,-1.81195618041803e-05,1.51025864370014e-05,NA,-2.08384548059297e-05,NA
"49",1,2008,-1.86764804901361e-05,NA,-0.000106485669835003,-0.000133981755347641,-9.07381986218426e-05,5.80431566955608e-05,NA,NA,0.000106041939322989,-0.000278328590080263,NA,-0.00013020888393454,NA
"50",2,2008,0.000147810356393322,-7.84648236925459e-05,0.000165833624573577,-3.65973773996893e-06,-2.39238612629351e-06,-6.73522745130013e-05,NA,NA,3.10112323794996e-05,-8.97310849644095e-06,NA,1.59820070536468e-06,NA
"51",3,2008,-3.34910067279404e-05,1.67687130457467e-05,0.000192062420349289,-3.79798717326322e-05,2.23512172728707e-06,-0.000244381360576043,NA,NA,-7.14493333461187e-05,-3.32916631213067e-05,NA,-7.10006751678248e-06,NA
"52",4,2008,-4.52692178646338e-05,3.27083880949198e-05,-7.77033098817038e-05,-9.01935562185956e-05,-1.05972954897617e-05,2.1238620641169e-05,NA,NA,-4.02209695601012e-05,-2.64313026277062e-06,NA,-7.30033476450674e-05,NA
"53",5,2008,-7.26038113750681e-05,-1.37868360563524e-05,-2.86500282351879e-05,2.7807079252711e-05,0.000108643127919162,-0.000123740487127149,NA,NA,-4.05198394839096e-05,2.21381541776978e-06,NA,1.29562852584141e-05,NA
"54",6,2008,-6.51733384808978e-05,-1.87071104886762e-05,2.51572919094593e-05,8.1317364294652e-05,-0.000106795003373043,-2.05087972072201e-05,NA,NA,8.15368925420333e-05,-2.14220186062211e-05,NA,-8.89651145225849e-06,NA
"55",7,2008,-0.000352409659483099,7.96114269603119e-05,-9.8609623105589e-07,0.000419962217465258,5.26196326895062e-06,-4.55176169075984e-05,NA,NA,4.99514694219579e-05,-2.38249282286357e-05,NA,-0.000229066467921016,NA
"56",8,2008,0.000118795620457181,-7.79585473189055e-06,-4.01173165917284e-05,-2.08357374021264e-05,-2.96300932318195e-06,3.96257247909783e-05,NA,NA,-1.20491555876731e-05,-1.38888917038827e-05,NA,4.50335600782087e-05,NA
"57",9,2008,0.000319077804335066,-0.000440971092318616,-0.00167414137435116,-3.52954565089289e-05,-0.000191004352821465,-0.000216301159958868,NA,NA,-4.40540570594919e-05,0.00016712261368236,NA,2.75837257455974e-05,NA
"58",10,2008,0.000169763948748519,0.00029157320902494,-0.00240072681668585,-0.000407257665552257,0.00128314985714849,0.00128309997884571,NA,NA,0.000342596296023032,0.000182280837931333,NA,-7.75496085311815e-05,NA
"59",11,2008,0.00123309649653601,0.000300924421955086,0.0025505293996385,-4.58802910274645e-06,4.77212942620593e-05,0.000369454489587937,NA,NA,0.000379404712793487,-8.17389664059758e-05,NA,-0.00027481322261881,NA
"60",12,2008,0.000407902601086132,-0.00010970392101386,0.00042484500874302,0.000112953854678684,-0.000157525399639099,-0.000313629681592889,NA,NA,0.00394577080277756,-0.000155987753493591,NA,-0.000102586093745481,NA
"61",1,2009,0.000591736574249303,0.000267416716700938,0.000980455521583317,7.48405788341589e-05,3.26429238145503e-05,8.24050350159517e-05,NA,NA,0.00023539800005525,4.56750316371077e-05,NA,-0.00021542256589948,NA
"62",2,2009,0.000619954285298405,-6.27014159880123e-05,8.36686489624986e-05,5.47553722196239e-05,-5.92849563518936e-05,0.000194120502712876,NA,NA,0.00059894625085817,8.76665072933567e-05,NA,-1.03727789759418e-05,NA
"63",3,2009,-0.000333882979944061,-0.000125198299764425,8.43188149011755e-05,-2.0650225230308e-05,-2.72817677560692e-05,0.000502786349725296,NA,NA,0.000312511190813062,-1.47334555897195e-05,NA,-9.8952722827123e-05,NA
"64",4,2009,0.000542625440998726,0.000421955875627299,-0.00016833990086386,-3.33781518898399e-05,1.75873616126497e-05,0.000626122213158088,NA,NA,0.000140489247674997,2.99518948165972e-05,NA,-0.000103483017761977,NA
"65",5,2009,0.000871680120912271,7.75683800377666e-05,0.000151549509326986,-1.08732623452662e-05,-0.000115686648410867,0.000230515206454507,NA,NA,-0.16078964711216,-5.26256709890387e-06,NA,-0.000291018814559292,NA
"66",6,2009,0.000294983432964828,0.000132777492652689,0.000205420170757718,1.545294740715e-05,-0.000101503659340568,7.0497821835827e-05,NA,NA,-0.000111480077400277,-8.46899062817632e-06,NA,2.79219480497191e-06,NA
"67",7,2009,0.000399720330546898,-1.88535252889147e-05,9.84593339983834e-05,7.86681566942048e-05,2.65214897090042e-05,9.14578576367024e-05,NA,NA,-3.64326870821963e-05,-1.7145222730514e-06,NA,1.43118933389003e-05,NA
"68",8,2009,-0.000355306362020658,5.20520545175235e-05,-0.000197527630993833,-9.49768737303916e-05,1.10606227101816e-06,7.07916273009276e-05,NA,NA,-7.27183921954786e-05,-6.50100470927541e-05,NA,-0.000127256006748565,NA
"69",9,2009,7.86940407447454e-05,-9.42261221008013e-06,-0.000218839846660775,-0.000128387590190856,-1.31001945285468e-06,-8.5515604397549e-05,NA,NA,-7.24317932244493e-05,-5.77245040185027e-05,NA,1.88071569813084e-05,NA
"70",10,2009,-2.11466398810691e-05,7.41348751165804e-05,0.000496129298087222,-2.64691271797236e-05,-9.60540706472135e-05,-1.40817959244266e-05,NA,NA,-9.09026459967867e-05,-6.82749247100335e-05,NA,-3.2136402727308e-05,NA
"71",11,2009,-3.31224299902885e-05,-0.000235512637575217,3.97885879009446e-05,-0.000101484893769638,-2.6876359956673e-05,-1.58621742028143e-05,NA,NA,-7.540825524077e-05,-3.25329841860908e-05,NA,-1.47831236762958e-05,NA
"72",12,2009,-2.19304016662878e-05,-4.02308867898437e-05,0.000110076696367773,-4.96623641465291e-06,-1.48863016732714e-05,3.85959242127326e-05,NA,NA,1.62607067541657e-05,-1.94192492754419e-05,NA,4.72408253947794e-06,NA
"73",1,2010,3.11162627324919e-05,1.55149952933708e-05,0.00016636550712432,2.33784723319481e-05,6.61213615625721e-06,-2.74021632415247e-05,NA,NA,-5.61361897621511e-05,-1.56222384934674e-05,NA,-4.59113510285036e-05,NA
"74",2,2010,9.02924569507343e-05,-3.96318111719476e-05,8.08892591123479e-06,-3.01291690031283e-05,-1.3063007472391e-05,1.64824280993451e-05,NA,NA,-5.58621479674976e-05,3.26303236494867e-05,NA,-8.35543804497867e-06,NA
"75",3,2010,-1.17841147801975e-06,-2.89995496584461e-05,5.63347928278162e-05,-2.86457156269801e-06,-1.86294151044038e-06,1.37031340037996e-05,NA,NA,2.02251294709283e-08,-7.0481295381805e-06,NA,9.52936421613101e-06,NA
"76",4,2010,-5.53384046714146e-06,-1.46477173932878e-05,8.7877753642945e-05,7.63796078699452e-05,-1.14346554277652e-05,4.28702952886527e-05,NA,NA,-0.0683660320127358,-1.16191099512366e-05,NA,2.63339202339462e-05,NA
"77",5,2010,-0.000858640307982039,-0.000196762130413934,-0.000546058202716078,-4.38844966008295e-05,-7.58368885699838e-05,1.40194158357461e-05,NA,NA,-8.72686208574592e-05,-2.56789261520131e-05,NA,-0.000100677589786217,NA
"78",6,2010,0.000109368535678825,-3.23577420398955e-05,0.000371100895446223,-8.51733479748377e-06,5.54957277978361e-05,-4.26263877089102e-05,NA,NA,-0.000128031915085374,9.77409186834659e-06,NA,-0.000191487334150309,NA
"79",7,2010,-1.53778899730688e-05,2.37011694545638e-05,2.52850722644708e-05,2.64683448156958e-05,-1.60678441408818e-05,-8.59585985242447e-05,NA,NA,-2.51386699623997e-05,2.23470915612668e-05,NA,-3.04230312614577e-05,NA
"80",8,2010,6.97311694371202e-06,8.96919284544215e-06,0.00010057513439796,-0.000162744730206334,-2.91710313745638e-06,-0.000109412250252012,NA,NA,-7.47919236717504e-05,1.47562501232288e-05,NA,-1.988444836539e-05,NA
"81",9,2010,-1.86902143170756e-05,2.69780272725459e-06,-0.000127745321600955,-2.17662213684929e-05,-3.0176604231859e-05,1.23300838561685e-05,NA,NA,-2.70103869511861e-05,7.61032851946092e-05,NA,-3.83708220862086e-05,NA
"82",10,2010,-4.98913684816361e-05,-3.66425930922153e-06,-0.000113025045989569,-0.000101832092245685,-8.69553761225959e-06,-2.45575980952265e-05,NA,NA,-4.5250163393796e-05,-2.57336547597975e-05,NA,-4.45547192053785e-05,4.61286892538748e-07
"83",11,2010,-3.39215298375924e-05,-1.96733193520037e-05,-7.16328887393391e-05,-1.28786051537232e-05,1.41637727674059e-05,1.22105633513754e-06,NA,NA,-2.23362830964816e-06,5.2347417222583e-06,NA,-4.45409516188051e-05,0.000130379109111188
"84",12,2010,9.30441943300085e-06,-0.000707948717259004,-1.14935599238939e-05,-0.20996385414646,2.01730235941566e-05,-1.10441029123571e-05,NA,NA,5.65961717909981e-06,1.43886929608268e-05,NA,5.04963737597064e-07,2.5566680847455e-05
"85",1,2011,3.45537933336103e-05,-2.58988688023051e-05,-2.15809494157062e-05,-5.73544397581627e-06,-1.90485102282294e-05,3.18878323594889e-05,NA,NA,-0.0671014976556746,-3.31999780488826e-06,NA,4.29808069881227e-06,1.83161337804256e-05
"86",2,2011,-9.88593450751259e-05,2.75139623192269e-06,-0.000296957325056992,-2.84816417001537e-05,-4.68475070703268e-05,2.91258997989731e-05,NA,NA,4.44000264432775e-05,-5.54548812610799e-06,NA,-7.80345875345753e-05,-1.55203184650855e-05
"87",3,2011,-2.42625305499307e-05,1.17782614860072e-05,-5.70066057858257e-05,4.55179094926771e-05,-4.96452542749258e-06,1.76738077818677e-05,NA,NA,2.14801746280901e-05,-4.37639128260047e-05,NA,-3.37293488362528e-06,2.28537941379022e-06
"88",4,2011,-6.35158807814435e-05,-3.38457561095408e-05,-6.6395842508784e-05,-7.21875250755402e-05,-1.79389777056649e-05,-0.000100763354728143,NA,NA,-4.73151854333039e-06,6.94577506048303e-06,NA,-3.93265975961056e-05,-1.8770226273319e-06
"89",5,2011,-1.47785904559964e-05,-2.76306250669188e-05,1.3490974081824e-05,-4.23371437826557e-07,-1.33727377098459e-05,-4.01699132151694e-05,NA,NA,-5.09317342359581e-05,-1.09778508598923e-05,NA,-1.30814857398681e-05,2.93350141552305e-05
"90",6,2011,5.35607294554432e-05,1.02774631894951e-05,-1.59291348061137e-05,-2.67782066193079e-05,1.59934463456416e-05,-4.66235354464406e-06,NA,NA,1.60481792119792e-05,2.46728608419019e-06,NA,-1.33225958631823e-05,-0.000166952674752253
"91",7,2011,8.77933437010208e-05,9.86215596214932e-05,3.44797910968577e-05,-2.30773287164689e-05,-2.27031523558258e-05,-2.03057702717896e-07,NA,NA,-0.348402148979083,7.56393051324814e-06,NA,-4.08226237915655e-06,-0.177280137984842
"92",8,2011,0.000224787487664547,0.000113152814742539,0.000760876137948986,-0.204309491923572,4.85760771483967e-05,0.000256609825616308,NA,NA,2.11710587937315e-05,1.25283276951304e-05,NA,1.82363523535401e-06,5.67351842701468e-05
"93",9,2011,0.000634040638416416,-9.9971592394942e-05,0.000141187447487687,-9.14780316055072e-05,3.30472710005243e-05,0.000124953811447265,NA,NA,-0.0817339763093341,0.000191964185718506,NA,-1.96443078410213e-05,-5.17754875058767e-06
"94",10,2011,0.000373597026017916,-1.32744237240837e-05,6.90559991746325e-05,2.57615193285245e-05,9.08459128774546e-05,2.01645024568853e-05,NA,NA,-3.42687061932025e-06,-1.52386253048103e-05,NA,-6.90854627122701e-06,2.84197387056691e-05
"95",11,2011,0.000266603003044291,4.81330336923415e-05,0.000111012178131982,-0.160667431711666,-5.88759531120411e-05,-0.000173874854554336,NA,NA,-3.32159020475323e-05,2.65475252697147e-07,NA,1.37366266727093e-05,-0.000104073128757332
"96",12,2011,9.53480684880642e-05,-2.97736842702957e-05,-3.54558974737589e-05,-0.155430606761571,-3.17885420117793e-05,7.03059107513301e-05,NA,NA,-1.09768654749849e-05,1.16099673431008e-05,NA,-8.19095463847294e-06,-2.17879847422767e-05
"97",1,2012,-0.000188804861426406,-1.05105601703772e-05,0.000106146055446246,-4.81728967495827e-05,-3.21464222558452e-05,-0.000126576546031904,NA,NA,-3.29266341364374e-06,4.33121647591271e-06,NA,-1.56807441057884e-05,2.400889033791e-05
"98",2,2012,-0.000123152961427839,-5.12412269829468e-05,0.000133661806855308,-0.188992120937273,-6.84939731893962e-05,-0.000138625800040669,NA,NA,-2.21712613784272e-05,-0.000122791323222588,NA,-3.39282813068378e-05,1.66593324319469e-05
"99",3,2012,-3.00876311420818e-05,9.92874131937688e-06,1.14834504487837e-05,-1.43233594900121e-05,-2.67366512031665e-05,1.06623385623136e-06,NA,NA,-2.74049918646687e-05,-6.67002315904553e-06,NA,-5.54257183971325e-06,8.5321666386548e-07
"100",4,2012,9.51361565995971e-05,-0.000137999896209951,0.000109347246390745,-0.222524543585516,-5.6264312264823e-05,3.97202529462302e-05,NA,NA,-3.00056073014523e-05,1.60292280031109e-05,NA,6.33220415788789e-07,-1.83792070472762e-05
"101",5,2012,-8.44062859781543e-05,6.94262646017102e-05,-6.74875716539728e-05,1.71587071989333e-05,2.45615275834719e-05,-3.29539345990801e-05,NA,NA,-1.64624037133966,-5.13973233041228e-05,NA,-4.13708191144541e-06,1.84460180021493e-06
"102",6,2012,-1.22089165625788e-05,3.34588988426676e-05,0.00011113875113107,-0.000157307886531892,1.92930664943e-05,1.02261258075023e-05,NA,NA,-4.30807101756773e-06,1.33912698450936e-05,NA,-6.33877351980652e-06,-3.6759561852991e-05
"103",7,2012,-2.25211891133998e-05,-1.17490595194044e-05,1.76665072724378e-05,-8.89869206816465e-05,2.1095846315561e-05,1.59868577153714e-05,NA,NA,-9.29860563655099e-06,8.16793615606636e-06,NA,7.39680861583729e-06,-1.33628016190642e-05
"104",8,2012,-8.52777090987415e-05,-3.79598689953103e-05,-0.156487913540199,-2.02572074791134e-05,-5.75572451161441e-05,2.88715970645198e-05,NA,NA,-1.92373568177784e-05,4.9515230429696e-06,NA,-2.72676715018023e-06,-7.73727751085202e-05
"105",9,2012,-0.000201915254833242,-4.84317278799749e-05,-0.000132097545196637,-1.23873177368059e-05,-3.41585060836448e-05,-7.06494366200503e-05,NA,NA,-2.42686332635662e-05,2.7386350489905e-05,NA,1.26717157611672e-05,0.000123397169600158
"106",10,2012,-1.03226695841572e-05,3.858412728279e-06,-9.16857578984009e-05,9.04438896549718e-07,-1.19075688624198e-05,-2.1417899074226e-05,NA,NA,-1.62555618717491e-05,4.98717455363263e-06,NA,-1.73336281922769e-05,3.86410842146837e-05
"107",11,2012,-8.72232235447627e-05,-1.81921995049473e-05,-0.000159307289581223,-0.202256830491619,1.18563168049241e-05,-1.65784740134339e-05,NA,NA,-0.00321774836139448,1.14849329625691e-05,NA,-1.94419046389756e-06,8.07638284203785e-06
"108",12,2012,4.29844740885502e-05,4.09572231532295e-06,5.74731263190737e-05,-2.75088146641208e-07,3.81618368217017e-05,-1.13560737939697e-06,NA,NA,-3.67929675074414e-05,1.83507916495986e-05,NA,4.2711862090784e-06,1.25471121167162e-05
"109",1,2013,5.06478113166246e-05,-2.33320333558289e-05,-0.000241273874912997,-8.12670211744358e-05,-1.27026066795695e-05,-8.01993105681184e-05,NA,NA,-8.32997428497643e-07,-1.23595065845718e-05,NA,1.18300728091088e-05,-2.96922024297023e-05
"110",2,2013,4.33070964895778e-05,-4.71103476352647e-05,-1.16922076055276e-05,-3.63761100714825e-05,2.30065486364811e-05,9.03129587387525e-06,NA,NA,-2.23487979853753e-05,2.15685820985831e-05,NA,-1.07246199614057e-05,-9.57711532816048e-06
"111",3,2013,-1.32526385114648e-05,-7.11662410698002e-06,-0.0001523988297049,5.04559958755787e-08,4.29430210027755e-05,6.72738237177468e-05,NA,NA,4.93338979337416e-06,-3.49823781147654e-05,NA,-1.00014580694777e-05,1.90251717214837e-06
"112",4,2013,0.000163820825010909,-5.25094456750914e-05,-3.81144631237847e-05,-4.02688657527595e-05,1.07584106043887e-05,3.28347542960424e-05,NA,NA,-2.03496178180549e-05,6.43045036951877e-06,NA,-1.04917835662374e-05,-5.65395499239114e-05
"113",5,2013,1.54852419961686e-05,-8.76018810648425e-06,0.00198177250694087,-9.04074215897976e-06,-7.82625351367061e-06,3.42193351718757e-05,NA,NA,-6.85176606272397e-06,3.60537507363398e-05,NA,-8.7793103816244e-06,-4.99418229287574e-05
"114",6,2013,0.000192687136261498,3.19184788931409e-05,8.60836739653223e-06,-0.238945426688046,5.72556478156811e-05,1.08409130565237e-05,NA,NA,-1.82782660708611e-05,-8.0962120461866e-05,NA,-2.61931426130851e-05,0.00010773370650946
"115",7,2013,1.54826621938192e-05,6.06432070484452e-06,7.53912134885222e-05,-0.175531333075647,1.43228836626151e-06,2.97628117762054e-05,NA,NA,-3.16212553949418e-06,-5.21030284147983e-05,NA,-3.1525185374073e-05,5.65277706660956e-06
"116",8,2013,5.33949592967491e-05,1.74787028906075e-05,-0.000222903340308986,3.49889231015146e-05,-2.5205086606872e-05,8.27389439007376e-05,NA,NA,-1.61500860018986e-05,-2.40483536102923e-05,NA,4.95526821655167e-05,-2.70634621181965e-05
"117",9,2013,-7.09517697172578e-05,-7.5561971583923e-05,4.961735177401e-05,-0.220871490544021,0.000202360597891527,2.04477303703236e-05,NA,NA,-1.46860359585112e-05,8.09020866377591e-05,NA,-8.29276773265761e-06,-9.95713640338808e-06
"118",10,2013,-8.38324220952351e-06,3.09799263574851e-06,0.00117692462845667,2.34987003199836e-06,0.000116234972917974,1.89229312315522e-05,NA,NA,-1.37393047936186e-06,0.000130270890400983,NA,-3.27485544925159e-05,-1.71273342038195e-05
"119",11,2013,-0.000103002802732991,-9.58302584671876e-05,-0.000100323329141958,-0.22991601035133,-4.17193914886677e-05,3.970438723855e-05,NA,NA,-2.31803901720522e-05,-3.79475355627667e-06,NA,-1.00543823325318e-05,2.65678276872805e-05
"120",12,2013,-2.20924254204215e-05,7.94420849708047e-05,-0.000122036683508733,-1.25754715960133e-05,1.93712551655149e-05,1.48773066772508e-05,NA,NA,-2.36987618370399e-05,9.19289853997671e-07,-2.1480837000512e-05,-3.07757225276659e-06,3.25341522679616e-05
"121",1,2014,3.19132124875491e-05,-7.72230939171081e-08,5.8846210398946e-05,1.61082962803316e-05,9.03563523534682e-05,8.18001652508801e-05,NA,NA,-6.91871504563967e-05,-2.21607109998524e-06,-7.97173699194348e-05,-6.59250789378592e-06,3.27375958767008e-05
"122",2,2014,0.000140354330098742,-2.68444141524531e-05,-0.00159883472075732,8.69610428829e-07,0.000129322320151937,-2.70478924436575e-05,NA,NA,-0.000139490548652794,-2.29587754655129e-06,-2.68164863934357e-05,-2.1003838741902e-05,-7.54104147386797e-06
"123",3,2014,-8.13022974077815e-05,-4.9510692837195e-05,0.000406794234478175,-7.41400117685785e-05,2.14975063855567e-05,-1.83389912600761e-06,NA,NA,3.53084764259875e-05,-3.94778301033336e-06,-6.69867798091435e-05,-1.06505786240689e-05,-3.27570244562181e-05
"124",4,2014,2.5193023462819e-05,-2.30318650149266e-05,-0.000176799689686523,-0.217136515702038,-4.41162208473039e-05,-4.17155397830736e-05,NA,NA,-1.07414316077995e-06,-2.38900857439752e-06,-0.000221432848180279,-8.70658838313145e-06,-5.56071009220919e-05
"125",5,2014,0.000130882784349004,-6.46851194861887e-05,-8.35174909378743e-05,-1.40060885507489e-05,5.29075178013788e-05,-1.00609251142787e-06,NA,NA,-0.000157321365662416,-8.46534942747745e-07,-1.9353824486868e-05,-1.97817062778413e-05,-6.19758558755335e-06
"126",6,2014,-1.31847029642231e-05,-1.79358344243672e-05,1.76167703096893e-05,-1.35902901422553e-05,-2.67608615589262e-05,6.43297942398381e-06,NA,NA,-3.55838785912886e-05,1.07392648057077e-05,-0.000168888049339443,-1.04826522994643e-05,1.82124401768721e-05
"127",7,2014,0.000242562504841635,-5.44682046796887e-05,-0.000108324372527098,-2.50653800636843e-06,1.78352209241518e-05,1.38285383893814e-05,NA,NA,-0.000167370276754098,8.63174783758383e-05,-8.1366698947725e-05,-2.76275834822086e-05,1.73354123201563e-06
"128",8,2014,-6.46551450219181e-05,2.8101136046666e-05,-0.000118392540729595,0.00257521229683168,-1.65686871869058e-06,-2.54646220937052e-05,NA,NA,-3.34333980787006e-05,-9.36630123097342e-06,-2.19052505281251e-05,-7.33815440421725e-06,-3.15405400330774e-05
"129",9,2014,0.00014559305092115,9.19899933719536e-06,2.56012882946451e-05,-5.70804107169881e-06,2.01242027301112e-05,1.57855051821791e-05,NA,NA,2.74270778354796e-05,-1.52021560279158e-05,-8.73993132372975e-05,-1.18992801060953e-05,-2.82847762075632e-05
"130",10,2014,-2.40849165333718e-05,2.73901724743982e-06,6.29022564203556e-05,-8.73802411395498e-06,2.40211246948586e-05,9.91704419266227e-06,NA,NA,-8.17370526676233e-05,5.27103703229384e-05,-0.000122156292882039,-3.54951440106263e-05,3.75579049962401e-05
"131",11,2014,-5.09332980881846e-05,-2.73814010296524e-05,9.67723260891531e-05,9.10053106120372e-06,3.23980455393903e-05,5.71909735368246e-05,NA,NA,-5.25101563303223e-06,0.000416221446168386,-0.000421431899921006,-2.0120953625233e-05,-3.64036916011926e-05
"132",12,2014,8.89027379872964e-06,-8.95296132814478e-06,4.47025328818517e-05,2.52156369030888e-06,-7.86783687550339e-05,-1.7895351690333e-05,NA,NA,-7.51613048262388e-05,3.64914288971193e-05,-5.92553871435776e-05,-5.01854193068599e-05,-3.15072659768014e-06
